election_year,Region,Party,riding_count,Regional_PR_MPs,FPTP_MPs
1921,ATLANTIC,Conservative (1867-1942),31,11,5
1921,ATLANTIC,Labour,31,0,0
1921,ATLANTIC,Liberal Party of Canada,31,17,25
1921,ATLANTIC,No affiliation to a recognised party,31,0,0
1921,ATLANTIC,Progressive,31,3,1
1921,BC,Conservative (1867-1942),13,7,7
1921,BC,Labour,13,1,0
1921,BC,Liberal Party of Canada,13,4,3
1921,BC,No affiliation to a recognised party,13,0,0
1921,BC,Progressive,13,1,3
1921,NATIONAL,Conservative (1867-1942),31,74,49
1921,NATIONAL,Independent Conservative,82,0,1
1921,NATIONAL,Independent Liberal,82,0,0
1921,NATIONAL,Independent Progressive,82,0,1
1921,NATIONAL,Labour,31,3,3
1921,NATIONAL,Liberal Party of Canada,31,104,118
1921,NATIONAL,No affiliation to a recognised party,31,4,2
1921,NATIONAL,Progressive,31,50,58
1921,NATIONAL,Socialist,43,0,0
1921,NATIONAL,United Farmers of Alberta,43,0,2
1921,NATIONAL,United Farmers of Ontario,82,0,1
1921,ON,Conservative (1867-1942),82,34,36
1921,ON,Independent Conservative,82,0,1
1921,ON,Independent Liberal,82,0,0
1921,ON,Independent Progressive,82,0,1
1921,ON,Labour,82,0,0
1921,ON,Liberal Party of Canada,82,26,21
1921,ON,No affiliation to a recognised party,82,0,2
1921,ON,Progressive,82,22,20
1921,ON,United Farmers of Ontario,82,0,1
1921,PRAIRIE,Conservative (1867-1942),43,9,0
1921,PRAIRIE,Labour,43,2,3
1921,PRAIRIE,Liberal Party of Canada,43,8,4
1921,PRAIRIE,No affiliation to a recognised party,43,0,0
1921,PRAIRIE,Progressive,43,24,34
1921,PRAIRIE,Socialist,43,0,0
1921,PRAIRIE,United Farmers of Alberta,43,0,2
1921,QC,Conservative (1867-1942),65,12,0
1921,QC,Independent Conservative,65,0,0
1921,QC,Labour,65,0,0
1921,QC,Liberal Party of Canada,65,49,65
1921,QC,No affiliation to a recognised party,65,4,0
1921,QC,Progressive,65,0,0
1921,TERRITORIES,Conservative (1867-1942),1,1,1
1921,TERRITORIES,Liberal Party of Canada,1,0,0
1921,TERRITORIES,No affiliation to a recognised party,1,0,0
1925,ATLANTIC,Conservative (1867-1942),29,17,23
1925,ATLANTIC,Independent Liberal Progressive,29,0,0
1925,ATLANTIC,Labour,29,0,0
1925,ATLANTIC,Liberal Party of Canada,29,12,6
1925,ATLANTIC,No affiliation to a recognised party,29,0,0
1925,BC,Conservative (1867-1942),14,8,10
1925,BC,Labour,14,1,0
1925,BC,Liberal Party of Canada,14,5,3
1925,BC,No affiliation to a recognised party,14,0,1
1925,BC,Progressive,14,0,0
1925,BC,Socialist,14,0,0
1925,NATIONAL,Conservative (1867-1942),29,118,115
1925,NATIONAL,Farmer,65,0,0
1925,NATIONAL,Independent Conservative,82,0,1
1925,NATIONAL,Independent Labour,54,0,0
1925,NATIONAL,Independent Liberal,82,0,1
1925,NATIONAL,Independent Liberal Progressive,29,0,0
1925,NATIONAL,Independent Progressive,54,0,0
1925,NATIONAL,Labour,29,3,2
1925,NATIONAL,Liberal Party of Canada,29,101,100
1925,NATIONAL,Liberal Progressive,54,0,0
1925,NATIONAL,Liberal Protectionist,65,0,0
1925,NATIONAL,No affiliation to a recognised party,29,0,2
1925,NATIONAL,Progressive,14,23,22
1925,NATIONAL,Social Credit Party of Canada,54,0,0
1925,NATIONAL,Socialist,14,0,0
1925,NATIONAL,United Farmers of Alberta,54,0,2
1925,ON,Conservative (1867-1942),82,49,67
1925,ON,Independent Conservative,82,0,1
1925,ON,Independent Liberal,82,0,0
1925,ON,Labour,82,0,0
1925,ON,Liberal Party of Canada,82,26,12
1925,ON,No affiliation to a recognised party,82,0,0
1925,ON,Progressive,82,7,2
1925,PRAIRIE,Conservative (1867-1942),54,19,10
1925,PRAIRIE,Independent Labour,54,0,0
1925,PRAIRIE,Independent Progressive,54,0,0
1925,PRAIRIE,Labour,54,2,2
1925,PRAIRIE,Liberal Party of Canada,54,17,20
1925,PRAIRIE,Liberal Progressive,54,0,0
1925,PRAIRIE,No affiliation to a recognised party,54,0,0
1925,PRAIRIE,Progressive,54,16,20
1925,PRAIRIE,Social Credit Party of Canada,54,0,0
1925,PRAIRIE,United Farmers of Alberta,54,0,2
1925,QC,Conservative (1867-1942),65,24,4
1925,QC,Farmer,65,0,0
1925,QC,Independent Liberal,65,0,1
1925,QC,Labour,65,0,0
1925,QC,Liberal Party of Canada,65,41,59
1925,QC,Liberal Protectionist,65,0,0
1925,QC,No affiliation to a recognised party,65,0,1
1925,TERRITORIES,Conservative (1867-1942),1,1,1
1925,TERRITORIES,Liberal Party of Canada,1,0,0
1926,ATLANTIC,Conservative (1867-1942),29,16,20
1926,ATLANTIC,Labour,29,0,0
1926,ATLANTIC,Liberal Party of Canada,29,13,9
1926,BC,Conservative (1867-1942),14,8,12
1926,BC,Labour,14,1,0
1926,BC,Liberal Party of Canada,14,5,1
1926,BC,No affiliation to a recognised party,14,0,1
1926,NATIONAL,Conservative (1867-1942),29,115,91
1926,NATIONAL,Independent Conservative,82,0,0
1926,NATIONAL,Independent Liberal,65,0,1
1926,NATIONAL,Labour,29,1,4
1926,NATIONAL,Liberal Labour Party,82,0,0
1926,NATIONAL,Liberal Labour Progressive,82,0,0
1926,NATIONAL,Liberal Party of Canada,29,109,116
1926,NATIONAL,Liberal Progressive,82,4,8
1926,NATIONAL,No affiliation to a recognised party,14,0,2
1926,NATIONAL,Progressive,82,10,11
1926,NATIONAL,Protectionist,65,0,0
1926,NATIONAL,Social Credit Party of Canada,54,0,0
1926,NATIONAL,Socialist,65,0,0
1926,NATIONAL,United Farmers of Alberta,54,6,11
1926,NATIONAL,United Farmers of Ontario,82,0,1
1926,ON,Conservative (1867-1942),82,48,53
1926,ON,Independent Conservative,82,0,0
1926,ON,Labour,82,0,1
1926,ON,Liberal Labour Party,82,0,0
1926,ON,Liberal Labour Progressive,82,0,0
1926,ON,Liberal Party of Canada,82,30,24
1926,ON,Liberal Progressive,82,0,0
1926,ON,No affiliation to a recognised party,82,0,0
1926,ON,Progressive,82,4,3
1926,ON,United Farmers of Ontario,82,0,1
1926,PRAIRIE,Conservative (1867-1942),54,19,1
1926,PRAIRIE,Labour,54,0,3
1926,PRAIRIE,Liberal Party of Canada,54,19,23
1926,PRAIRIE,Liberal Progressive,54,4,8
1926,PRAIRIE,No affiliation to a recognised party,54,0,0
1926,PRAIRIE,Progressive,54,6,8
1926,PRAIRIE,Social Credit Party of Canada,54,0,0
1926,PRAIRIE,United Farmers of Alberta,54,6,11
1926,QC,Conservative (1867-1942),65,23,4
1926,QC,Independent Conservative,65,0,0
1926,QC,Independent Liberal,65,0,1
1926,QC,Liberal Party of Canada,65,42,59
1926,QC,No affiliation to a recognised party,65,0,1
1926,QC,Protectionist,65,0,0
1926,QC,Socialist,65,0,0
1926,TERRITORIES,Conservative (1867-1942),1,1,1
1926,TERRITORIES,Liberal Party of Canada,1,0,0
1930,ATLANTIC,Conservative (1867-1942),29,16,23
1930,ATLANTIC,Liberal Party of Canada,29,13,6
1930,BC,Communist Party of Canada,14,0,0
1930,BC,Conservative (1867-1942),14,7,7
1930,BC,Independent Labour,14,1,1
1930,BC,Liberal Party of Canada,14,6,5
1930,BC,No affiliation to a recognised party,14,0,1
1930,BC,Prohibitionist,14,0,0
1930,NATIONAL,Communist Party of Canada,14,0,0
1930,NATIONAL,Conservative (1867-1942),29,123,136
1930,NATIONAL,Farmer,54,0,0
1930,NATIONAL,Independent Conservative,82,0,0
1930,NATIONAL,Independent Labour,14,1,1
1930,NATIONAL,Independent Liberal,54,0,0
1930,NATIONAL,Independent Progressive,65,0,0
1930,NATIONAL,Labour,82,0,2
1930,NATIONAL,Liberal Labour Party,82,0,0
1930,NATIONAL,Liberal Party of Canada,29,111,89
1930,NATIONAL,Liberal Progressive,54,3,3
1930,NATIONAL,Liberal Protectionist,65,0,0
1930,NATIONAL,No affiliation to a recognised party,14,0,2
1930,NATIONAL,Progressive,82,3,3
1930,NATIONAL,Prohibitionist,14,0,0
1930,NATIONAL,United Farmers of Alberta,54,4,9
1930,ON,Communist Party of Canada,82,0,0
1930,ON,Conservative (1867-1942),82,46,59
1930,ON,Independent Conservative,82,0,0
1930,ON,Labour,82,0,0
1930,ON,Liberal Labour Party,82,0,0
1930,ON,Liberal Party of Canada,82,36,22
1930,ON,No affiliation to a recognised party,82,0,0
1930,ON,Progressive,82,0,1
1930,PRAIRIE,Communist Party of Canada,54,0,0
1930,PRAIRIE,Conservative (1867-1942),54,23,22
1930,PRAIRIE,Farmer,54,0,0
1930,PRAIRIE,Independent Conservative,54,0,0
1930,PRAIRIE,Independent Labour,54,0,0
1930,PRAIRIE,Independent Liberal,54,0,0
1930,PRAIRIE,Labour,54,0,2
1930,PRAIRIE,Liberal Party of Canada,54,21,16
1930,PRAIRIE,Liberal Progressive,54,3,3
1930,PRAIRIE,No affiliation to a recognised party,54,0,0
1930,PRAIRIE,Progressive,54,3,2
1930,PRAIRIE,United Farmers of Alberta,54,4,9
1930,QC,Conservative (1867-1942),65,30,24
1930,QC,Independent Conservative,65,0,0
1930,QC,Independent Liberal,65,0,0
1930,QC,Independent Progressive,65,0,0
1930,QC,Liberal Party of Canada,65,35,40
1930,QC,Liberal Protectionist,65,0,0
1930,QC,No affiliation to a recognised party,65,0,1
1930,TERRITORIES,Conservative (1867-1942),1,1,1
1930,TERRITORIES,Liberal Party of Canada,1,0,0
1935,ATLANTIC,Communist Party of Canada,26,0,0
1935,ATLANTIC,Conservative (1867-1942),26,9,1
1935,ATLANTIC,Independent Liberal,26,0,0
1935,ATLANTIC,Liberal Party of Canada,26,14,25
1935,ATLANTIC,No affiliation to a recognised party,26,0,0
1935,ATLANTIC,Reconstruction Party,26,3,0
1935,BC,Co-operative Commonwealth Federation,16,6,3
1935,BC,Communist Party of Canada,16,0,0
1935,BC,Conservative (1867-1942),16,4,5
1935,BC,Labour,16,0,0
1935,BC,Liberal Party of Canada,16,5,6
1935,BC,No affiliation to a recognised party,16,0,1
1935,BC,Reconstruction Party,16,1,1
1935,BC,Social Credit Party of Canada,16,0,0
1935,BC,Socialist,16,0,0
1935,NATIONAL,Co-operative Commonwealth Federation,16,23,7
1935,NATIONAL,Communist Party of Canada,26,0,0
1935,NATIONAL,Conservative (1867-1942),26,76,39
1935,NATIONAL,Independent Conservative,65,1,1
1935,NATIONAL,Independent Labour,65,0,0
1935,NATIONAL,Independent Liberal,26,0,1
1935,NATIONAL,Labour,16,0,0
1935,NATIONAL,Liberal Labour Party,65,0,0
1935,NATIONAL,Liberal Party of Canada,26,114,173
1935,NATIONAL,Liberal Progressive,55,0,4
1935,NATIONAL,No affiliation to a recognised party,26,0,1
1935,NATIONAL,Reconstruction Party,26,19,1
1935,NATIONAL,Social Credit Party of Canada,16,12,17
1935,NATIONAL,Socialist,16,0,0
1935,NATIONAL,Technocrat,55,0,0
1935,NATIONAL,United Farmers of Ontario-Labour,82,0,1
1935,NATIONAL,Veterans Party,65,0,0
1935,ON,Co-operative Commonwealth Federation,82,6,0
1935,ON,Communist Party of Canada,82,0,0
1935,ON,Conservative (1867-1942),82,31,25
1935,ON,Independent Liberal,82,0,0
1935,ON,Labour,82,0,0
1935,ON,Liberal Party of Canada,82,36,56
1935,ON,No affiliation to a recognised party,82,0,0
1935,ON,Reconstruction Party,82,9,0
1935,ON,United Farmers of Ontario-Labour,82,0,1
1935,PRAIRIE,Co-operative Commonwealth Federation,55,11,4
1935,PRAIRIE,Communist Party of Canada,55,0,0
1935,PRAIRIE,Conservative (1867-1942),55,12,3
1935,PRAIRIE,Independent Liberal,55,0,0
1935,PRAIRIE,Liberal Party of Canada,55,20,27
1935,PRAIRIE,Liberal Progressive,55,0,4
1935,PRAIRIE,No affiliation to a recognised party,55,0,0
1935,PRAIRIE,Reconstruction Party,55,0,0
1935,PRAIRIE,Social Credit Party of Canada,55,12,17
1935,PRAIRIE,Technocrat,55,0,0
1935,QC,Co-operative Commonwealth Federation,65,0,0
1935,QC,Communist Party of Canada,65,0,0
1935,QC,Conservative (1867-1942),65,20,5
1935,QC,Independent Conservative,65,0,0
1935,QC,Independent Labour,65,0,0
1935,QC,Independent Liberal,65,0,1
1935,QC,Labour,65,0,0
1935,QC,Liberal Labour Party,65,0,0
1935,QC,Liberal Party of Canada,65,39,59
1935,QC,No affiliation to a recognised party,65,0,0
1935,QC,Reconstruction Party,65,6,0
1935,QC,Veterans Party,65,0,0
1935,TERRITORIES,Independent Conservative,1,1,1
1935,TERRITORIES,Liberal Party of Canada,1,0,0
1940,ATLANTIC,Co-operative Commonwealth Federation,26,0,1
1940,ATLANTIC,Independent Liberal,26,0,0
1940,ATLANTIC,Liberal Party of Canada,26,15,19
1940,ATLANTIC,National Government,26,11,6
1940,ATLANTIC,No affiliation to a recognised party,26,0,0
1940,BC,Co-operative Commonwealth Federation,16,5,1
1940,BC,Communist Party of Canada,16,0,0
1940,BC,Independent Liberal,16,0,0
1940,BC,Independent Nationalist,16,0,0
1940,BC,Liberal Party of Canada,16,6,10
1940,BC,National Government,16,5,4
1940,BC,New Democracy,16,0,0
1940,BC,No affiliation to a recognised party,16,0,1
1940,NATIONAL,Anti-Conscriptionist,65,0,0
1940,NATIONAL,Canadian Labour,82,0,0
1940,NATIONAL,Co-operative Commonwealth Federation,26,18,8
1940,NATIONAL,Communist Party of Canada,16,0,0
1940,NATIONAL,Conservative (1867-1942),82,0,3
1940,NATIONAL,Independent Conservative,65,0,1
1940,NATIONAL,Independent Liberal,26,7,2
1940,NATIONAL,Independent Nationalist,16,0,0
1940,NATIONAL,Labour,65,0,0
1940,NATIONAL,Liberal Party of Canada,26,140,179
1940,NATIONAL,Liberal Progressive,82,0,3
1940,NATIONAL,National Government,26,76,36
1940,NATIONAL,National Labour,65,0,0
1940,NATIONAL,National Liberal Progressive,82,0,0
1940,NATIONAL,National Unity,55,0,0
1940,NATIONAL,New Democracy,16,4,3
1940,NATIONAL,New Democratic Party,82,0,0
1940,NATIONAL,No affiliation to a recognised party,26,0,1
1940,NATIONAL,Social Credit Party of Canada,55,0,7
1940,NATIONAL,Social Credit-National Unity,55,0,0
1940,NATIONAL,United Farmers of Ontario-Labour,82,0,0
1940,NATIONAL,United Progressive,55,0,0
1940,NATIONAL,United Reform,55,0,0
1940,NATIONAL,United Reform Movement,55,0,1
1940,NATIONAL,Unity,55,0,1
1940,ON,Canadian Labour,82,0,0
1940,ON,Co-operative Commonwealth Federation,82,0,0
1940,ON,Communist Party of Canada,82,0,0
1940,ON,Conservative (1867-1942),82,0,3
1940,ON,Independent Liberal,82,0,0
1940,ON,Liberal Party of Canada,82,46,56
1940,ON,Liberal Progressive,82,0,1
1940,ON,National Government,82,36,22
1940,ON,National Liberal Progressive,82,0,0
1940,ON,New Democratic Party,82,0,0
1940,ON,No affiliation to a recognised party,82,0,0
1940,ON,United Farmers of Ontario-Labour,82,0,0
1940,PRAIRIE,Co-operative Commonwealth Federation,55,13,6
1940,PRAIRIE,Communist Party of Canada,55,0,0
1940,PRAIRIE,Conservative (1867-1942),55,0,0
1940,PRAIRIE,Liberal Party of Canada,55,27,32
1940,PRAIRIE,Liberal Progressive,55,0,2
1940,PRAIRIE,National Government,55,11,3
1940,PRAIRIE,National Unity,55,0,0
1940,PRAIRIE,New Democracy,55,4,3
1940,PRAIRIE,No affiliation to a recognised party,55,0,0
1940,PRAIRIE,Social Credit Party of Canada,55,0,7
1940,PRAIRIE,Social Credit-National Unity,55,0,0
1940,PRAIRIE,United Progressive,55,0,0
1940,PRAIRIE,United Reform,55,0,0
1940,PRAIRIE,United Reform Movement,55,0,1
1940,PRAIRIE,Unity,55,0,1
1940,QC,Anti-Conscriptionist,65,0,0
1940,QC,Co-operative Commonwealth Federation,65,0,0
1940,QC,Communist Party of Canada,65,0,0
1940,QC,Conservative (1867-1942),65,0,0
1940,QC,Independent Conservative,65,0,1
1940,QC,Independent Liberal,65,7,2
1940,QC,Independent Nationalist,65,0,0
1940,QC,Labour,65,0,0
1940,QC,Liberal Party of Canada,65,46,62
1940,QC,National Government,65,12,0
1940,QC,National Labour,65,0,0
1940,QC,New Democracy,65,0,0
1940,QC,No affiliation to a recognised party,65,0,0
1940,TERRITORIES,Liberal Party of Canada,1,0,0
1940,TERRITORIES,National Government,1,1,1
1945,ATLANTIC,Co-operative Commonwealth Federation,26,3,1
1945,ATLANTIC,Independent Liberal,26,0,0
1945,ATLANTIC,Labor-Progressive Party,26,0,0
1945,ATLANTIC,Liberal Party of Canada,26,13,19
1945,ATLANTIC,No affiliation to a recognised party,26,0,0
1945,ATLANTIC,Progressive Conservative Party,26,10,6
1945,BC,Co-operative Commonwealth Federation,16,5,4
1945,BC,Democrat,16,0,0
1945,BC,Independent Co-operative Commonwealth Federation,16,0,1
1945,BC,Independent Liberal,16,0,1
1945,BC,Labor-Progressive Party,16,1,0
1945,BC,Liberal Party of Canada,16,5,5
1945,BC,Progressive Conservative Party,16,5,5
1945,BC,Social Credit Party of Canada,16,0,0
1945,BC,Socialist Labour,16,0,0
1945,BC,Trades Union,16,0,0
1945,NATIONAL,Bloc populaire canadien,82,8,2
1945,NATIONAL,Co-operative Commonwealth Federation,26,39,28
1945,NATIONAL,Democrat,16,0,0
1945,NATIONAL,Independent Co-operative Commonwealth Federation,16,0,1
1945,NATIONAL,Independent Conservative,65,0,0
1945,NATIONAL,Independent Labour,82,0,0
1945,NATIONAL,Independent Liberal,26,4,8
1945,NATIONAL,Independent Progressive Conservative,82,0,1
1945,NATIONAL,Labor-Progressive Party,26,1,1
1945,NATIONAL,Labour,65,0,0
1945,NATIONAL,Liberal Labour Party,65,0,0
1945,NATIONAL,Liberal Party of Canada,26,104,118
1945,NATIONAL,Liberal Progressive,55,0,1
1945,NATIONAL,National Government,82,0,0
1945,NATIONAL,No affiliation to a recognised party,26,12,6
1945,NATIONAL,Progressive Conservative Party,26,70,66
1945,NATIONAL,Social Credit Party of Canada,16,7,13
1945,NATIONAL,Socialist Labour,16,0,0
1945,NATIONAL,Trades Union,16,0,0
1945,NATIONAL,Union of Electors,65,0,0
1945,ON,Bloc populaire canadien,82,0,0
1945,ON,Co-operative Commonwealth Federation,82,12,0
1945,ON,Independent Labour,82,0,0
1945,ON,Independent Liberal,82,0,0
1945,ON,Independent Progressive Conservative,82,0,0
1945,ON,Labor-Progressive Party,82,0,0
1945,ON,Liberal Party of Canada,82,35,34
1945,ON,National Government,82,0,0
1945,ON,No affiliation to a recognised party,82,0,0
1945,ON,Progressive Conservative Party,82,35,48
1945,ON,Social Credit Party of Canada,82,0,0
1945,PRAIRIE,Co-operative Commonwealth Federation,55,19,23
1945,PRAIRIE,Labor-Progressive Party,55,0,0
1945,PRAIRIE,Liberal Party of Canada,55,17,13
1945,PRAIRIE,Liberal Progressive,55,0,1
1945,PRAIRIE,No affiliation to a recognised party,55,0,0
1945,PRAIRIE,Progressive Conservative Party,55,12,5
1945,PRAIRIE,Social Credit Party of Canada,55,7,13
1945,QC,Bloc populaire canadien,65,8,2
1945,QC,Co-operative Commonwealth Federation,65,0,0
1945,QC,Independent Co-operative Commonwealth Federation,65,0,0
1945,QC,Independent Conservative,65,0,0
1945,QC,Independent Liberal,65,4,7
1945,QC,Independent Progressive Conservative,65,0,1
1945,QC,Labor-Progressive Party,65,0,1
1945,QC,Labour,65,0,0
1945,QC,Liberal Labour Party,65,0,0
1945,QC,Liberal Party of Canada,65,34,47
1945,QC,No affiliation to a recognised party,65,12,6
1945,QC,Progressive Conservative Party,65,7,1
1945,QC,Social Credit Party of Canada,65,0,0
1945,QC,Union of Electors,65,0,0
1945,TERRITORIES,Co-operative Commonwealth Federation,1,0,0
1945,TERRITORIES,Labor-Progressive Party,1,0,0
1945,TERRITORIES,Progressive Conservative Party,1,1,1
1949,ATLANTIC,Co-operative Commonwealth Federation,34,2,1
1949,ATLANTIC,Independent Liberal,34,0,0
1949,ATLANTIC,Liberal Party of Canada,34,19,26
1949,ATLANTIC,No affiliation to a recognised party,34,0,0
1949,ATLANTIC,Progressive Conservative Party,34,13,7
1949,ATLANTIC,Union of Electors,34,0,0
1949,BC,Co-operative Commonwealth Federation,18,6,3
1949,BC,Labor-Progressive Party,18,0,0
1949,BC,Liberal Party of Canada,18,7,11
1949,BC,No affiliation to a recognised party,18,0,1
1949,BC,Progressive Conservative Party,18,5,3
1949,BC,Social Credit Party of Canada,18,0,0
1949,NATIONAL,Co-operative Commonwealth Federation,34,35,13
1949,NATIONAL,Independent Liberal,34,0,1
1949,NATIONAL,Independent Progressive Conservative,83,0,0
1949,NATIONAL,Independent Social Credit,53,0,0
1949,NATIONAL,Labor-Progressive Party,18,0,0
1949,NATIONAL,Labour,83,0,0
1949,NATIONAL,Liberal Labour Party,83,0,1
1949,NATIONAL,Liberal Party of Canada,34,134,191
1949,NATIONAL,Liberal Progressive,53,0,1
1949,NATIONAL,Nationalist,73,0,0
1949,NATIONAL,No affiliation to a recognised party,34,4,4
1949,NATIONAL,Progressive Conservative Party,34,78,41
1949,NATIONAL,Social Credit Party of Canada,18,7,10
1949,NATIONAL,Socialist Labour,83,0,0
1949,NATIONAL,Union of Electors,34,4,0
1949,ON,Co-operative Commonwealth Federation,83,13,1
1949,ON,Independent Liberal,83,0,1
1949,ON,Independent Progressive Conservative,83,0,0
1949,ON,Labor-Progressive Party,83,0,0
1949,ON,Labour,83,0,0
1949,ON,Liberal Labour Party,83,0,1
1949,ON,Liberal Party of Canada,83,38,55
1949,ON,No affiliation to a recognised party,83,0,0
1949,ON,Progressive Conservative Party,83,32,25
1949,ON,Social Credit Party of Canada,83,0,0
1949,ON,Socialist Labour,83,0,0
1949,ON,Union of Electors,83,0,0
1949,PRAIRIE,Co-operative Commonwealth Federation,53,14,8
1949,PRAIRIE,Independent Social Credit,53,0,0
1949,PRAIRIE,Labor-Progressive Party,53,0,0
1949,PRAIRIE,Liberal Party of Canada,53,23,30
1949,PRAIRIE,Liberal Progressive,53,0,1
1949,PRAIRIE,No affiliation to a recognised party,53,0,0
1949,PRAIRIE,Progressive Conservative Party,53,9,4
1949,PRAIRIE,Social Credit Party of Canada,53,7,10
1949,QC,Co-operative Commonwealth Federation,73,0,0
1949,QC,Independent Liberal,73,0,0
1949,QC,Independent Progressive Conservative,73,0,0
1949,QC,Labor-Progressive Party,73,0,0
1949,QC,Labour,73,0,0
1949,QC,Liberal Labour Party,73,0,0
1949,QC,Liberal Party of Canada,73,46,68
1949,QC,Nationalist,73,0,0
1949,QC,No affiliation to a recognised party,73,4,3
1949,QC,Progressive Conservative Party,73,19,2
1949,QC,Union of Electors,73,4,0
1949,TERRITORIES,Co-operative Commonwealth Federation,1,0,0
1949,TERRITORIES,Liberal Party of Canada,1,1,1
1949,TERRITORIES,No affiliation to a recognised party,1,0,0
1953,ATLANTIC,Co-operative Commonwealth Federation,33,0,1
1953,ATLANTIC,Independent Liberal,33,0,0
1953,ATLANTIC,Labor-Progressive Party,33,0,0
1953,ATLANTIC,Liberal Party of Canada,33,19,27
1953,ATLANTIC,No affiliation to a recognised party,33,0,0
1953,ATLANTIC,Progressive Conservative Party,33,14,5
1953,ATLANTIC,Social Credit Party of Canada,33,0,0
1953,BC,Co-operative Commonwealth Federation,22,6,7
1953,BC,Independent Social Credit,22,0,0
1953,BC,Labor-Progressive Party,22,0,0
1953,BC,Liberal Party of Canada,22,7,8
1953,BC,Progressive Conservative Party,22,3,3
1953,BC,Social Credit Party of Canada,22,6,4
1953,NATIONAL,Christian Liberal,85,0,0
1953,NATIONAL,Co-operative Commonwealth Federation,33,28,23
1953,NATIONAL,Independent Liberal,33,0,2
1953,NATIONAL,Independent Progressive Conservative,75,0,0
1953,NATIONAL,Independent Social Credit,22,0,0
1953,NATIONAL,Labor-Progressive Party,33,0,0
1953,NATIONAL,Liberal Labour Party,85,0,1
1953,NATIONAL,Liberal Party of Canada,33,138,169
1953,NATIONAL,Liberal Progressive,48,0,1
1953,NATIONAL,Locataire (candidat),75,0,0
1953,NATIONAL,Nationalist,75,0,0
1953,NATIONAL,No affiliation to a recognised party,33,0,3
1953,NATIONAL,Progressive Conservative Party,33,84,51
1953,NATIONAL,Social Credit Party of Canada,33,15,15
1953,NATIONAL,Socialist Labour,85,0,0
1953,ON,Christian Liberal,85,0,0
1953,ON,Co-operative Commonwealth Federation,85,9,1
1953,ON,Independent Liberal,85,0,0
1953,ON,Labor-Progressive Party,85,0,0
1953,ON,Liberal Labour Party,85,0,1
1953,ON,Liberal Party of Canada,85,41,50
1953,ON,No affiliation to a recognised party,85,0,0
1953,ON,Progressive Conservative Party,85,35,33
1953,ON,Social Credit Party of Canada,85,0,0
1953,ON,Socialist Labour,85,0,0
1953,PRAIRIE,Co-operative Commonwealth Federation,48,13,14
1953,PRAIRIE,Independent Liberal,48,0,0
1953,PRAIRIE,Labor-Progressive Party,48,0,0
1953,PRAIRIE,Liberal Party of Canada,48,18,16
1953,PRAIRIE,Liberal Progressive,48,0,1
1953,PRAIRIE,No affiliation to a recognised party,48,0,0
1953,PRAIRIE,Progressive Conservative Party,48,8,6
1953,PRAIRIE,Social Credit Party of Canada,48,9,11
1953,QC,Co-operative Commonwealth Federation,75,0,0
1953,QC,Independent Liberal,75,0,2
1953,QC,Independent Progressive Conservative,75,0,0
1953,QC,Labor-Progressive Party,75,0,0
1953,QC,Liberal Party of Canada,75,51,66
1953,QC,Locataire (candidat),75,0,0
1953,QC,Nationalist,75,0,0
1953,QC,No affiliation to a recognised party,75,0,3
1953,QC,Progressive Conservative Party,75,24,4
1953,TERRITORIES,Liberal Party of Canada,2,2,2
1953,TERRITORIES,No affiliation to a recognised party,2,0,0
1953,TERRITORIES,Progressive Conservative Party,2,0,0
1953,TERRITORIES,Social Credit Party of Canada,2,0,0
1957,ATLANTIC,Co-operative Commonwealth Federation,33,0,0
1957,ATLANTIC,Liberal Party of Canada,33,16,12
1957,ATLANTIC,No affiliation to a recognised party,33,0,0
1957,ATLANTIC,Progressive Conservative Party,33,17,21
1957,ATLANTIC,Social Credit Party of Canada,33,0,0
1957,BC,Canadian Democrat,22,0,0
1957,BC,Co-operative Commonwealth Federation,22,5,7
1957,BC,Labor-Progressive Party,22,0,0
1957,BC,Liberal Party of Canada,22,5,2
1957,BC,No affiliation to a recognised party,22,0,0
1957,BC,Progressive Conservative Party,22,7,7
1957,BC,Social Credit Party of Canada,22,5,6
1957,NATIONAL,Canadian Democrat,22,0,0
1957,NATIONAL,Candidate of the Electors,75,0,0
1957,NATIONAL,Capital Familial,75,0,0
1957,NATIONAL,Co-operative Commonwealth Federation,33,25,25
1957,NATIONAL,Independent Liberal,85,0,2
1957,NATIONAL,Independent Progressive Conservative,85,0,1
1957,NATIONAL,Independent Social Credit,85,0,0
1957,NATIONAL,Labor-Progressive Party,22,0,0
1957,NATIONAL,Liberal Labour Party,85,0,1
1957,NATIONAL,Liberal Party of Canada,33,117,104
1957,NATIONAL,National Credit Control,48,0,0
1957,NATIONAL,No affiliation to a recognised party,33,0,2
1957,NATIONAL,Progressive Conservative Party,33,108,111
1957,NATIONAL,Social Credit Party of Canada,33,15,19
1957,ON,Co-operative Commonwealth Federation,85,10,3
1957,ON,Independent Liberal,85,0,0
1957,ON,Independent Progressive Conservative,85,0,0
1957,ON,Independent Social Credit,85,0,0
1957,ON,Labor-Progressive Party,85,0,0
1957,ON,Liberal Labour Party,85,0,1
1957,ON,Liberal Party of Canada,85,32,20
1957,ON,No affiliation to a recognised party,85,0,0
1957,ON,Progressive Conservative Party,85,43,61
1957,ON,Social Credit Party of Canada,85,0,0
1957,PRAIRIE,Co-operative Commonwealth Federation,48,10,15
1957,PRAIRIE,Independent Liberal,48,0,0
1957,PRAIRIE,Independent Social Credit,48,0,0
1957,PRAIRIE,Labor-Progressive Party,48,0,0
1957,PRAIRIE,Liberal Party of Canada,48,14,6
1957,PRAIRIE,National Credit Control,48,0,0
1957,PRAIRIE,No affiliation to a recognised party,48,0,0
1957,PRAIRIE,Progressive Conservative Party,48,14,14
1957,PRAIRIE,Social Credit Party of Canada,48,10,13
1957,QC,Candidate of the Electors,75,0,0
1957,QC,Capital Familial,75,0,0
1957,QC,Co-operative Commonwealth Federation,75,0,0
1957,QC,Independent Liberal,75,0,2
1957,QC,Independent Progressive Conservative,75,0,1
1957,QC,Labor-Progressive Party,75,0,0
1957,QC,Liberal Party of Canada,75,49,62
1957,QC,No affiliation to a recognised party,75,0,2
1957,QC,Progressive Conservative Party,75,26,8
1957,QC,Social Credit Party of Canada,75,0,0
1957,TERRITORIES,Liberal Party of Canada,2,1,2
1957,TERRITORIES,Progressive Conservative Party,2,1,0
1958,ATLANTIC,Co-operative Commonwealth Federation,33,0,0
1958,ATLANTIC,Independent Liberal,33,0,0
1958,ATLANTIC,Liberal Party of Canada,33,14,8
1958,ATLANTIC,Progressive Conservative Party,33,19,25
1958,ATLANTIC,Social Credit Party of Canada,33,0,0
1958,BC,Co-operative Commonwealth Federation,22,5,4
1958,BC,Labor-Progressive Party,22,0,0
1958,BC,Liberal Party of Canada,22,3,0
1958,BC,Progressive Conservative Party,22,12,18
1958,BC,Social Credit Party of Canada,22,2,0
1958,NATIONAL,Candidate of the Electors,75,0,0
1958,NATIONAL,Capital Familial,75,0,0
1958,NATIONAL,Co-operative Commonwealth Federation,33,22,8
1958,NATIONAL,Independent Conservative,2,0,0
1958,NATIONAL,Independent Liberal,33,0,0
1958,NATIONAL,Independent Progressive Conservative,48,0,0
1958,NATIONAL,Independent Social Credit,48,0,0
1958,NATIONAL,Labor-Progressive Party,22,0,0
1958,NATIONAL,Liberal Labour Party,85,0,1
1958,NATIONAL,Liberal Party of Canada,33,90,48
1958,NATIONAL,No affiliation to a recognised party,85,0,0
1958,NATIONAL,Parti Ouvrier Canadien,75,0,0
1958,NATIONAL,Progressive Conservative Party,33,147,208
1958,NATIONAL,Radical Chrétien,75,0,0
1958,NATIONAL,Social Credit Party of Canada,33,6,0
1958,NATIONAL,Socialist,85,0,0
1958,ON,Co-operative Commonwealth Federation,85,9,3
1958,ON,Labor-Progressive Party,85,0,0
1958,ON,Liberal Labour Party,85,0,1
1958,ON,Liberal Party of Canada,85,27,14
1958,ON,No affiliation to a recognised party,85,0,0
1958,ON,Progressive Conservative Party,85,49,67
1958,ON,Social Credit Party of Canada,85,0,0
1958,ON,Socialist,85,0,0
1958,PRAIRIE,Co-operative Commonwealth Federation,48,8,1
1958,PRAIRIE,Independent Progressive Conservative,48,0,0
1958,PRAIRIE,Independent Social Credit,48,0,0
1958,PRAIRIE,Labor-Progressive Party,48,0,0
1958,PRAIRIE,Liberal Party of Canada,48,9,0
1958,PRAIRIE,No affiliation to a recognised party,48,0,0
1958,PRAIRIE,Progressive Conservative Party,48,27,47
1958,PRAIRIE,Social Credit Party of Canada,48,4,0
1958,QC,Candidate of the Electors,75,0,0
1958,QC,Capital Familial,75,0,0
1958,QC,Co-operative Commonwealth Federation,75,0,0
1958,QC,Independent Liberal,75,0,0
1958,QC,Independent Progressive Conservative,75,0,0
1958,QC,Labor-Progressive Party,75,0,0
1958,QC,Liberal Party of Canada,75,36,25
1958,QC,No affiliation to a recognised party,75,0,0
1958,QC,Parti Ouvrier Canadien,75,0,0
1958,QC,Progressive Conservative Party,75,39,50
1958,QC,Radical Chrétien,75,0,0
1958,QC,Social Credit Party of Canada,75,0,0
1958,QC,Socialist,75,0,0
1958,TERRITORIES,Independent Conservative,2,0,0
1958,TERRITORIES,Liberal Party of Canada,2,1,1
1958,TERRITORIES,Progressive Conservative Party,2,1,1
1962,ATLANTIC,Independent Liberal,33,0,0
1962,ATLANTIC,Liberal Party of Canada,33,16,14
1962,ATLANTIC,New Democratic Party,33,2,1
1962,ATLANTIC,No affiliation to a recognised party,33,0,0
1962,ATLANTIC,Progressive Conservative Party,33,15,18
1962,ATLANTIC,Social Credit Party of Canada,33,0,0
1962,BC,Communist Party of Canada,22,0,0
1962,BC,Liberal Party of Canada,22,6,4
1962,BC,New Democratic Party,22,7,10
1962,BC,No affiliation to a recognised party,22,0,0
1962,BC,Progressive Conservative Party,22,6,6
1962,BC,Social Credit Party of Canada,22,3,2
1962,NATIONAL,All Canadian Party,48,0,0
1962,NATIONAL,Capital Familial,75,0,0
1962,NATIONAL,Communist Party of Canada,22,0,0
1962,NATIONAL,Cooperative Builders of Canada,85,0,0
1962,NATIONAL,Independent Liberal,33,0,0
1962,NATIONAL,Independent Progressive Conservative,75,0,0
1962,NATIONAL,Liberal Labour Party,85,0,1
1962,NATIONAL,Liberal Party of Canada,33,101,99
1962,NATIONAL,New Democratic Party,33,32,19
1962,NATIONAL,No affiliation to a recognised party,33,0,0
1962,NATIONAL,Progressive Conservative Party,33,101,116
1962,NATIONAL,Social Credit Party of Canada,33,31,30
1962,ON,Communist Party of Canada,85,0,0
1962,ON,Cooperative Builders of Canada,85,0,0
1962,ON,Liberal Labour Party,85,0,1
1962,ON,Liberal Party of Canada,85,36,43
1962,ON,New Democratic Party,85,15,6
1962,ON,No affiliation to a recognised party,85,0,0
1962,ON,Progressive Conservative Party,85,34,35
1962,ON,Social Credit Party of Canada,85,0,0
1962,PRAIRIE,All Canadian Party,48,0,0
1962,PRAIRIE,Communist Party of Canada,48,0,0
1962,PRAIRIE,Independent Liberal,48,0,0
1962,PRAIRIE,Liberal Party of Canada,48,11,2
1962,PRAIRIE,New Democratic Party,48,8,2
1962,PRAIRIE,No affiliation to a recognised party,48,0,0
1962,PRAIRIE,Progressive Conservative Party,48,22,42
1962,PRAIRIE,Social Credit Party of Canada,48,7,2
1962,QC,Capital Familial,75,0,0
1962,QC,Communist Party of Canada,75,0,0
1962,QC,Independent Liberal,75,0,0
1962,QC,Independent Progressive Conservative,75,0,0
1962,QC,Liberal Party of Canada,75,31,35
1962,QC,New Democratic Party,75,0,0
1962,QC,No affiliation to a recognised party,75,0,0
1962,QC,Progressive Conservative Party,75,23,14
1962,QC,Social Credit Party of Canada,75,21,26
1962,TERRITORIES,Liberal Party of Canada,2,1,1
1962,TERRITORIES,No affiliation to a recognised party,2,0,0
1962,TERRITORIES,Progressive Conservative Party,2,1,1
1963,ATLANTIC,Independent Liberal,33,0,0
1963,ATLANTIC,Liberal Party of Canada,33,18,20
1963,ATLANTIC,New Democratic Party,33,0,0
1963,ATLANTIC,Progressive Conservative Party,33,15,13
1963,ATLANTIC,Social Credit Party of Canada,33,0,0
1963,BC,Communist Party of Canada,22,0,0
1963,BC,Independent Liberal,22,0,0
1963,BC,Liberal Party of Canada,22,7,7
1963,BC,New Democratic Party,22,7,9
1963,BC,No affiliation to a recognised party,22,0,0
1963,BC,Progressive Conservative Party,22,5,4
1963,BC,Social Credit Party of Canada,22,3,2
1963,NATIONAL,Communist Party of Canada,22,0,0
1963,NATIONAL,Independent Conservative,85,0,0
1963,NATIONAL,Independent Liberal,33,0,0
1963,NATIONAL,Independent Progressive Conservative,85,0,0
1963,NATIONAL,Independent Social Credit,75,0,0
1963,NATIONAL,Liberal Labour Party,85,0,1
1963,NATIONAL,Liberal Party of Canada,33,114,128
1963,NATIONAL,Nationalist,75,0,0
1963,NATIONAL,New Democratic Party,33,32,17
1963,NATIONAL,No affiliation to a recognised party,22,0,0
1963,NATIONAL,Progressive Conservative Party,33,90,95
1963,NATIONAL,Social Credit Party of Canada,33,29,24
1963,NATIONAL,Socialist Labour,85,0,0
1963,ON,Communist Party of Canada,85,0,0
1963,ON,Independent Conservative,85,0,0
1963,ON,Independent Liberal,85,0,0
1963,ON,Independent Progressive Conservative,85,0,0
1963,ON,Liberal Labour Party,85,0,1
1963,ON,Liberal Party of Canada,85,40,51
1963,ON,New Democratic Party,85,14,6
1963,ON,No affiliation to a recognised party,85,0,0
1963,ON,Progressive Conservative Party,85,31,27
1963,ON,Social Credit Party of Canada,85,0,0
1963,ON,Socialist Labour,85,0,0
1963,PRAIRIE,Communist Party of Canada,48,0,0
1963,PRAIRIE,Liberal Party of Canada,48,13,3
1963,PRAIRIE,New Democratic Party,48,6,2
1963,PRAIRIE,No affiliation to a recognised party,48,0,0
1963,PRAIRIE,Progressive Conservative Party,48,23,41
1963,PRAIRIE,Social Credit Party of Canada,48,6,2
1963,QC,Communist Party of Canada,75,0,0
1963,QC,Independent Liberal,75,0,0
1963,QC,Independent Progressive Conservative,75,0,0
1963,QC,Independent Social Credit,75,0,0
1963,QC,Liberal Party of Canada,75,35,47
1963,QC,Nationalist,75,0,0
1963,QC,New Democratic Party,75,5,0
1963,QC,No affiliation to a recognised party,75,0,0
1963,QC,Progressive Conservative Party,75,15,8
1963,QC,Social Credit Party of Canada,75,20,20
1963,TERRITORIES,Liberal Party of Canada,2,1,0
1963,TERRITORIES,Progressive Conservative Party,2,1,2
1963,TERRITORIES,Social Credit Party of Canada,2,0,0
1965,ATLANTIC,Independent Liberal,33,0,0
1965,ATLANTIC,Liberal Party of Canada,33,16,15
1965,ATLANTIC,New Democratic Party,33,2,0
1965,ATLANTIC,No affiliation to a recognised party,33,0,0
1965,ATLANTIC,Progressive Conservative Party,33,15,18
1965,ATLANTIC,Ralliement des créditistes,33,0,0
1965,ATLANTIC,Social Credit Party of Canada,33,0,0
1965,BC,Communist Party of Canada,22,0,0
1965,BC,Independent Social Credit,22,0,0
1965,BC,Liberal Party of Canada,22,7,7
1965,BC,New Democratic Party,22,7,9
1965,BC,No affiliation to a recognised party,22,0,0
1965,BC,Progressive Conservative Party,22,4,3
1965,BC,Progressive Workers Movement,22,0,0
1965,BC,Social Credit Party of Canada,22,4,3
1965,NATIONAL,Communist Party of Canada,22,0,0
1965,NATIONAL,Droit vital personnel,75,0,0
1965,NATIONAL,Independent Conservative,85,0,0
1965,NATIONAL,Independent Liberal,33,0,0
1965,NATIONAL,Independent Progressive Conservative,85,0,1
1965,NATIONAL,Independent Social Credit,22,0,0
1965,NATIONAL,Liberal Party of Canada,33,110,131
1965,NATIONAL,New Democratic Party,33,45,21
1965,NATIONAL,No affiliation to a recognised party,33,0,1
1965,NATIONAL,Progressive Conservative Party,33,87,97
1965,NATIONAL,Progressive Workers Movement,22,0,0
1965,NATIONAL,Ralliement des créditistes,33,14,9
1965,NATIONAL,Rhinoceros Party of Canada,75,0,0
1965,NATIONAL,Social Credit Party of Canada,33,9,5
1965,NATIONAL,Socialist Labour,85,0,0
1965,ON,Communist Party of Canada,85,0,0
1965,ON,Independent Conservative,85,0,0
1965,ON,Independent Progressive Conservative,85,0,0
1965,ON,Liberal Party of Canada,85,38,51
1965,ON,New Democratic Party,85,18,9
1965,ON,No affiliation to a recognised party,85,0,0
1965,ON,Progressive Conservative Party,85,29,25
1965,ON,Ralliement des créditistes,85,0,0
1965,ON,Social Credit Party of Canada,85,0,0
1965,ON,Socialist Labour,85,0,0
1965,PRAIRIE,Communist Party of Canada,48,0,0
1965,PRAIRIE,Liberal Party of Canada,48,12,1
1965,PRAIRIE,New Democratic Party,48,9,3
1965,PRAIRIE,No affiliation to a recognised party,48,0,0
1965,PRAIRIE,Progressive Conservative Party,48,22,42
1965,PRAIRIE,Social Credit Party of Canada,48,5,2
1965,QC,Communist Party of Canada,75,0,0
1965,QC,Droit vital personnel,75,0,0
1965,QC,Independent Liberal,75,0,0
1965,QC,Independent Progressive Conservative,75,0,1
1965,QC,Independent Social Credit,75,0,0
1965,QC,Liberal Party of Canada,75,36,56
1965,QC,New Democratic Party,75,9,0
1965,QC,No affiliation to a recognised party,75,0,1
1965,QC,Progressive Conservative Party,75,16,8
1965,QC,Ralliement des créditistes,75,14,9
1965,QC,Rhinoceros Party of Canada,75,0,0
1965,TERRITORIES,Liberal Party of Canada,2,1,1
1965,TERRITORIES,New Democratic Party,2,0,0
1965,TERRITORIES,Progressive Conservative Party,2,1,1
1968,ATLANTIC,Independent Progressive Conservative,32,0,0
1968,ATLANTIC,Liberal Party of Canada,32,14,7
1968,ATLANTIC,New Democratic Party,32,1,0
1968,ATLANTIC,No affiliation to a recognised party,32,0,0
1968,ATLANTIC,Progressive Conservative Party,32,17,25
1968,ATLANTIC,Ralliement des créditistes,32,0,0
1968,ATLANTIC,Social Credit Party of Canada,32,0,0
1968,BC,Communist Party of Canada,23,0,0
1968,BC,Liberal Party of Canada,23,10,16
1968,BC,New Democratic Party,23,8,7
1968,BC,No affiliation to a recognised party,23,0,0
1968,BC,Progressive Conservative Party,23,4,0
1968,BC,Reform Party of Canada,23,0,0
1968,BC,Republican,23,0,0
1968,BC,Social Credit Party of Canada,23,1,0
1968,NATIONAL,Communist Party of Canada,23,0,0
1968,NATIONAL,Conservative (1867-1942),74,0,0
1968,NATIONAL,Esprit Social,74,0,0
1968,NATIONAL,Independent Conservative,45,0,0
1968,NATIONAL,Independent Liberal,88,0,0
1968,NATIONAL,Independent Progressive Conservative,32,0,0
1968,NATIONAL,Liberal Labour Party,88,0,1
1968,NATIONAL,Liberal Party of Canada,32,123,154
1968,NATIONAL,National Socialist,88,0,0
1968,NATIONAL,New Canada Party,88,0,0
1968,NATIONAL,New Democratic Party,32,42,22
1968,NATIONAL,No affiliation to a recognised party,32,0,1
1968,NATIONAL,Parti de la Démocratisation Économique,74,0,0
1968,NATIONAL,Progressive Conservative Party,32,86,72
1968,NATIONAL,Ralliement des créditistes,32,12,14
1968,NATIONAL,Reform Party of Canada,23,0,0
1968,NATIONAL,Republican,23,0,0
1968,NATIONAL,Rhinoceros Party of Canada,74,0,0
1968,NATIONAL,Social Credit Party of Canada,32,1,0
1968,NATIONAL,Socialist Labour,88,0,0
1968,ON,Communist Party of Canada,88,0,0
1968,ON,Independent Liberal,88,0,0
1968,ON,Independent Progressive Conservative,88,0,0
1968,ON,Liberal Labour Party,88,0,1
1968,ON,Liberal Party of Canada,88,41,63
1968,ON,National Socialist,88,0,0
1968,ON,New Canada Party,88,0,0
1968,ON,New Democratic Party,88,18,6
1968,ON,No affiliation to a recognised party,88,0,1
1968,ON,Progressive Conservative Party,88,29,17
1968,ON,Social Credit Party of Canada,88,0,0
1968,ON,Socialist Labour,88,0,0
1968,PRAIRIE,Communist Party of Canada,45,0,0
1968,PRAIRIE,Independent Conservative,45,0,0
1968,PRAIRIE,Independent Liberal,45,0,0
1968,PRAIRIE,Independent Progressive Conservative,45,0,0
1968,PRAIRIE,Liberal Party of Canada,45,16,11
1968,PRAIRIE,New Democratic Party,45,10,9
1968,PRAIRIE,No affiliation to a recognised party,45,0,0
1968,PRAIRIE,Progressive Conservative Party,45,19,25
1968,PRAIRIE,Social Credit Party of Canada,45,0,0
1968,QC,Communist Party of Canada,74,0,0
1968,QC,Conservative (1867-1942),74,0,0
1968,QC,Esprit Social,74,0,0
1968,QC,Independent Liberal,74,0,0
1968,QC,Independent Progressive Conservative,74,0,0
1968,QC,Liberal Party of Canada,74,41,56
1968,QC,New Democratic Party,74,5,0
1968,QC,No affiliation to a recognised party,74,0,0
1968,QC,Parti de la Démocratisation Économique,74,0,0
1968,QC,Progressive Conservative Party,74,16,4
1968,QC,Ralliement des créditistes,74,12,14
1968,QC,Rhinoceros Party of Canada,74,0,0
1968,TERRITORIES,Liberal Party of Canada,2,1,1
1968,TERRITORIES,New Democratic Party,2,0,0
1968,TERRITORIES,Progressive Conservative Party,2,1,1
1972,ATLANTIC,Liberal Party of Canada,32,13,10
1972,ATLANTIC,New Democratic Party,32,2,0
1972,ATLANTIC,No affiliation to a recognised party,32,0,0
1972,ATLANTIC,Progressive Conservative Party,32,17,22
1972,ATLANTIC,Social Credit Party of Canada,32,0,0
1972,BC,Liberal Party of Canada,23,7,4
1972,BC,New Democratic Party,23,8,11
1972,BC,No affiliation to a recognised party,23,0,0
1972,BC,Progressive Conservative Party,23,8,8
1972,BC,Social Credit Party of Canada,23,0,0
1972,NATIONAL,Liberal Party of Canada,32,105,109
1972,NATIONAL,New Democratic Party,32,45,31
1972,NATIONAL,No affiliation to a recognised party,32,0,2
1972,NATIONAL,Progressive Conservative Party,32,96,107
1972,NATIONAL,Rhinoceros Party of Canada,74,0,0
1972,NATIONAL,Social Credit Party of Canada,32,18,15
1972,ON,Liberal Party of Canada,88,34,36
1972,ON,New Democratic Party,88,19,11
1972,ON,No affiliation to a recognised party,88,0,1
1972,ON,Progressive Conservative Party,88,35,40
1972,ON,Social Credit Party of Canada,88,0,0
1972,PRAIRIE,Liberal Party of Canada,45,12,3
1972,PRAIRIE,New Democratic Party,45,11,8
1972,PRAIRIE,No affiliation to a recognised party,45,0,0
1972,PRAIRIE,Progressive Conservative Party,45,22,34
1972,PRAIRIE,Social Credit Party of Canada,45,0,0
1972,QC,Liberal Party of Canada,74,38,56
1972,QC,New Democratic Party,74,5,0
1972,QC,No affiliation to a recognised party,74,0,1
1972,QC,Progressive Conservative Party,74,13,2
1972,QC,Rhinoceros Party of Canada,74,0,0
1972,QC,Social Credit Party of Canada,74,18,15
1972,TERRITORIES,Liberal Party of Canada,2,1,0
1972,TERRITORIES,New Democratic Party,2,0,1
1972,TERRITORIES,No affiliation to a recognised party,2,0,0
1972,TERRITORIES,Progressive Conservative Party,2,1,1
1974,ATLANTIC,Liberal Party of Canada,32,15,13
1974,ATLANTIC,Marxist-Leninist Party of Canada,32,0,0
1974,ATLANTIC,New Democratic Party,32,3,1
1974,ATLANTIC,No affiliation to a recognised party,32,0,1
1974,ATLANTIC,Progressive Conservative Party,32,14,17
1974,ATLANTIC,Social Credit Party of Canada,32,0,0
1974,BC,Communist Party of Canada,23,0,0
1974,BC,Liberal Party of Canada,23,8,8
1974,BC,Marxist-Leninist Party of Canada,23,0,0
1974,BC,New Democratic Party,23,5,2
1974,BC,No affiliation to a recognised party,23,0,0
1974,BC,Progressive Conservative Party,23,10,13
1974,BC,Social Credit Party of Canada,23,0,0
1974,NATIONAL,Communist Party of Canada,23,0,0
1974,NATIONAL,Liberal Party of Canada,32,116,141
1974,NATIONAL,Marxist-Leninist Party of Canada,32,0,0
1974,NATIONAL,New Democratic Party,32,40,16
1974,NATIONAL,No affiliation to a recognised party,32,0,1
1974,NATIONAL,Progressive Conservative Party,32,96,95
1974,NATIONAL,Social Credit Party of Canada,32,12,11
1974,ON,Communist Party of Canada,88,0,0
1974,ON,Liberal Party of Canada,88,40,55
1974,ON,Marxist-Leninist Party of Canada,88,0,0
1974,ON,New Democratic Party,88,17,8
1974,ON,No affiliation to a recognised party,88,0,0
1974,ON,Progressive Conservative Party,88,31,25
1974,ON,Social Credit Party of Canada,88,0,0
1974,PRAIRIE,Communist Party of Canada,45,0,0
1974,PRAIRIE,Liberal Party of Canada,45,12,5
1974,PRAIRIE,Marxist-Leninist Party of Canada,45,0,0
1974,PRAIRIE,New Democratic Party,45,9,4
1974,PRAIRIE,No affiliation to a recognised party,45,0,0
1974,PRAIRIE,Progressive Conservative Party,45,24,36
1974,PRAIRIE,Social Credit Party of Canada,45,0,0
1974,QC,Communist Party of Canada,74,0,0
1974,QC,Liberal Party of Canada,74,41,60
1974,QC,Marxist-Leninist Party of Canada,74,0,0
1974,QC,New Democratic Party,74,5,0
1974,QC,No affiliation to a recognised party,74,0,0
1974,QC,Progressive Conservative Party,74,16,3
1974,QC,Social Credit Party of Canada,74,12,11
1974,TERRITORIES,Liberal Party of Canada,2,0,0
1974,TERRITORIES,New Democratic Party,2,1,1
1974,TERRITORIES,Progressive Conservative Party,2,1,1
1979,ATLANTIC,Communist Party of Canada,32,0,0
1979,ATLANTIC,Liberal Party of Canada,32,13,12
1979,ATLANTIC,Libertarian Party of Canada,32,0,0
1979,ATLANTIC,Marxist-Leninist Party of Canada,32,0,0
1979,ATLANTIC,New Democratic Party,32,6,2
1979,ATLANTIC,No affiliation to a recognised party,32,0,0
1979,ATLANTIC,Progressive Conservative Party,32,13,18
1979,BC,Communist Party of Canada,28,0,0
1979,BC,Liberal Party of Canada,28,6,1
1979,BC,Libertarian Party of Canada,28,0,0
1979,BC,Marxist-Leninist Party of Canada,28,0,0
1979,BC,New Democratic Party,28,9,8
1979,BC,No affiliation to a recognised party,28,0,0
1979,BC,Progressive Conservative Party,28,13,19
1979,BC,Rhinoceros Party of Canada,28,0,0
1979,BC,Social Credit Party of Canada,28,0,0
1979,NATIONAL,Communist Party of Canada,32,0,0
1979,NATIONAL,Liberal Party of Canada,32,115,114
1979,NATIONAL,Libertarian Party of Canada,32,0,0
1979,NATIONAL,Marxist-Leninist Party of Canada,32,0,0
1979,NATIONAL,New Democratic Party,32,51,26
1979,NATIONAL,No affiliation to a recognised party,32,0,0
1979,NATIONAL,Progressive Conservative Party,32,104,136
1979,NATIONAL,Rhinoceros Party of Canada,28,0,0
1979,NATIONAL,Social Credit Party of Canada,28,12,6
1979,NATIONAL,Union Populaire,75,0,0
1979,ON,Communist Party of Canada,95,0,0
1979,ON,Liberal Party of Canada,95,35,32
1979,ON,Libertarian Party of Canada,95,0,0
1979,ON,Marxist-Leninist Party of Canada,95,0,0
1979,ON,New Democratic Party,95,20,6
1979,ON,No affiliation to a recognised party,95,0,0
1979,ON,Progressive Conservative Party,95,40,57
1979,ON,Rhinoceros Party of Canada,95,0,0
1979,ON,Social Credit Party of Canada,95,0,0
1979,PRAIRIE,Communist Party of Canada,49,0,0
1979,PRAIRIE,Liberal Party of Canada,49,11,2
1979,PRAIRIE,Libertarian Party of Canada,49,0,0
1979,PRAIRIE,Marxist-Leninist Party of Canada,49,0,0
1979,PRAIRIE,New Democratic Party,49,11,9
1979,PRAIRIE,No affiliation to a recognised party,49,0,0
1979,PRAIRIE,Progressive Conservative Party,49,27,38
1979,PRAIRIE,Social Credit Party of Canada,49,0,0
1979,QC,Communist Party of Canada,75,0,0
1979,QC,Liberal Party of Canada,75,49,67
1979,QC,Libertarian Party of Canada,75,0,0
1979,QC,Marxist-Leninist Party of Canada,75,0,0
1979,QC,New Democratic Party,75,4,0
1979,QC,No affiliation to a recognised party,75,0,0
1979,QC,Progressive Conservative Party,75,10,2
1979,QC,Rhinoceros Party of Canada,75,0,0
1979,QC,Social Credit Party of Canada,75,12,6
1979,QC,Union Populaire,75,0,0
1979,TERRITORIES,Liberal Party of Canada,3,1,0
1979,TERRITORIES,New Democratic Party,3,1,1
1979,TERRITORIES,No affiliation to a recognised party,3,0,0
1979,TERRITORIES,Progressive Conservative Party,3,1,2
1980,ATLANTIC,Liberal Party of Canada,32,15,19
1980,ATLANTIC,Libertarian Party of Canada,32,0,0
1980,ATLANTIC,Marxist-Leninist Party of Canada,32,0,0
1980,ATLANTIC,New Democratic Party,32,5,0
1980,ATLANTIC,No affiliation to a recognised party,32,0,0
1980,ATLANTIC,Progressive Conservative Party,32,12,13
1980,ATLANTIC,Rhinoceros Party of Canada,32,0,0
1980,BC,Communist Party of Canada,28,0,0
1980,BC,Liberal Party of Canada,28,6,0
1980,BC,Marxist-Leninist Party of Canada,28,0,0
1980,BC,New Democratic Party,28,10,12
1980,BC,No affiliation to a recognised party,28,0,0
1980,BC,Progressive Conservative Party,28,12,16
1980,BC,Rhinoceros Party of Canada,28,0,0
1980,BC,Social Credit Party of Canada,28,0,0
1980,NATIONAL,Communist Party of Canada,28,0,0
1980,NATIONAL,Liberal Party of Canada,32,128,147
1980,NATIONAL,Libertarian Party of Canada,32,0,0
1980,NATIONAL,Marxist-Leninist Party of Canada,32,0,0
1980,NATIONAL,New Democratic Party,32,56,32
1980,NATIONAL,No affiliation to a recognised party,32,0,0
1980,NATIONAL,Progressive Conservative Party,32,94,103
1980,NATIONAL,Rhinoceros Party of Canada,32,0,0
1980,NATIONAL,Social Credit Party of Canada,28,4,0
1980,NATIONAL,Union Populaire,75,0,0
1980,ON,Communist Party of Canada,95,0,0
1980,ON,Liberal Party of Canada,95,40,52
1980,ON,Libertarian Party of Canada,95,0,0
1980,ON,Marxist-Leninist Party of Canada,95,0,0
1980,ON,New Democratic Party,95,21,5
1980,ON,No affiliation to a recognised party,95,0,0
1980,ON,Progressive Conservative Party,95,34,38
1980,ON,Rhinoceros Party of Canada,95,0,0
1980,ON,Social Credit Party of Canada,95,0,0
1980,PRAIRIE,Communist Party of Canada,49,0,0
1980,PRAIRIE,Liberal Party of Canada,49,12,2
1980,PRAIRIE,Libertarian Party of Canada,49,0,0
1980,PRAIRIE,Marxist-Leninist Party of Canada,49,0,0
1980,PRAIRIE,New Democratic Party,49,12,14
1980,PRAIRIE,No affiliation to a recognised party,49,0,0
1980,PRAIRIE,Progressive Conservative Party,49,25,33
1980,PRAIRIE,Rhinoceros Party of Canada,49,0,0
1980,PRAIRIE,Social Credit Party of Canada,49,0,0
1980,QC,Communist Party of Canada,75,0,0
1980,QC,Liberal Party of Canada,75,54,74
1980,QC,Libertarian Party of Canada,75,0,0
1980,QC,Marxist-Leninist Party of Canada,75,0,0
1980,QC,New Democratic Party,75,7,0
1980,QC,No affiliation to a recognised party,75,0,0
1980,QC,Progressive Conservative Party,75,10,1
1980,QC,Rhinoceros Party of Canada,75,0,0
1980,QC,Social Credit Party of Canada,75,4,0
1980,QC,Union Populaire,75,0,0
1980,TERRITORIES,Liberal Party of Canada,3,1,0
1980,TERRITORIES,New Democratic Party,3,1,1
1980,TERRITORIES,Progressive Conservative Party,3,1,2
1980,TERRITORIES,Rhinoceros Party of Canada,3,0,0
1984,ATLANTIC,Green Party of Canada,32,0,0
1984,ATLANTIC,Liberal Party of Canada,32,11,7
1984,ATLANTIC,Libertarian Party of Canada,32,0,0
1984,ATLANTIC,New Democratic Party,32,4,0
1984,ATLANTIC,No affiliation to a recognised party,32,0,0
1984,ATLANTIC,Progressive Conservative Party,32,17,25
1984,ATLANTIC,Rhinoceros Party of Canada,32,0,0
1984,ATLANTIC,Social Credit Party of Canada,32,0,0
1984,BC,Communist Party of Canada,28,0,0
1984,BC,Confederation of Regions Western Party,28,0,0
1984,BC,Green Party of Canada,28,0,0
1984,BC,Liberal Party of Canada,28,4,1
1984,BC,Libertarian Party of Canada,28,0,0
1984,BC,New Democratic Party,28,10,8
1984,BC,No affiliation to a recognised party,28,0,0
1984,BC,Party for the Commonwealth of Canada,28,0,0
1984,BC,Progressive Conservative Party,28,14,19
1984,BC,Rhinoceros Party of Canada,28,0,0
1984,BC,Social Credit Party of Canada,28,0,0
1984,NATIONAL,Communist Party of Canada,28,0,0
1984,NATIONAL,Confederation of Regions Western Party,28,0,0
1984,NATIONAL,Green Party of Canada,32,0,0
1984,NATIONAL,Liberal Party of Canada,32,81,40
1984,NATIONAL,Libertarian Party of Canada,32,0,0
1984,NATIONAL,New Democratic Party,32,54,30
1984,NATIONAL,No affiliation to a recognised party,32,0,1
1984,NATIONAL,Parti Nationaliste du Québec,75,0,0
1984,NATIONAL,Party for the Commonwealth of Canada,28,0,0
1984,NATIONAL,Progressive Canadian Party,75,0,0
1984,NATIONAL,Progressive Conservative Party,32,147,211
1984,NATIONAL,Rhinoceros Party of Canada,32,0,0
1984,NATIONAL,Social Credit Party of Canada,32,0,0
1984,ON,Communist Party of Canada,95,0,0
1984,ON,Green Party of Canada,95,0,0
1984,ON,Liberal Party of Canada,95,29,14
1984,ON,Libertarian Party of Canada,95,0,0
1984,ON,New Democratic Party,95,20,13
1984,ON,No affiliation to a recognised party,95,0,1
1984,ON,Party for the Commonwealth of Canada,95,0,0
1984,ON,Progressive Conservative Party,95,46,67
1984,ON,Rhinoceros Party of Canada,95,0,0
1984,ON,Social Credit Party of Canada,95,0,0
1984,PRAIRIE,Communist Party of Canada,49,0,0
1984,PRAIRIE,Confederation of Regions Western Party,49,0,0
1984,PRAIRIE,Green Party of Canada,49,0,0
1984,PRAIRIE,Liberal Party of Canada,49,8,1
1984,PRAIRIE,Libertarian Party of Canada,49,0,0
1984,PRAIRIE,New Democratic Party,49,12,9
1984,PRAIRIE,No affiliation to a recognised party,49,0,0
1984,PRAIRIE,Party for the Commonwealth of Canada,49,0,0
1984,PRAIRIE,Progressive Conservative Party,49,29,39
1984,PRAIRIE,Rhinoceros Party of Canada,49,0,0
1984,PRAIRIE,Social Credit Party of Canada,49,0,0
1984,QC,Communist Party of Canada,75,0,0
1984,QC,Green Party of Canada,75,0,0
1984,QC,Liberal Party of Canada,75,28,17
1984,QC,Libertarian Party of Canada,75,0,0
1984,QC,New Democratic Party,75,7,0
1984,QC,No affiliation to a recognised party,75,0,0
1984,QC,Parti Nationaliste du Québec,75,0,0
1984,QC,Party for the Commonwealth of Canada,75,0,0
1984,QC,Progressive Canadian Party,75,0,0
1984,QC,Progressive Conservative Party,75,40,58
1984,QC,Rhinoceros Party of Canada,75,0,0
1984,QC,Social Credit Party of Canada,75,0,0
1984,TERRITORIES,Liberal Party of Canada,3,1,0
1984,TERRITORIES,Libertarian Party of Canada,3,0,0
1984,TERRITORIES,New Democratic Party,3,1,0
1984,TERRITORIES,No affiliation to a recognised party,3,0,0
1984,TERRITORIES,Progressive Conservative Party,3,1,3
1984,TERRITORIES,Rhinoceros Party of Canada,3,0,0
1988,ATLANTIC,Christian Heritage Party of Canada,32,0,0
1988,ATLANTIC,Communist Party of Canada,32,0,0
1988,ATLANTIC,Confederation of Regions Western Party,32,0,0
1988,ATLANTIC,Liberal Party of Canada,32,15,20
1988,ATLANTIC,Libertarian Party of Canada,32,0,0
1988,ATLANTIC,New Democratic Party,32,3,0
1988,ATLANTIC,No affiliation to a recognised party,32,0,0
1988,ATLANTIC,Party for the Commonwealth of Canada,32,0,0
1988,ATLANTIC,Progressive Conservative Party,32,14,12
1988,ATLANTIC,Rhinoceros Party of Canada,32,0,0
1988,BC,Christian Heritage Party of Canada,32,0,0
1988,BC,Communist Party of Canada,32,0,0
1988,BC,Confederation of Regions Western Party,32,0,0
1988,BC,Green Party of Canada,32,0,0
1988,BC,Liberal Party of Canada,32,7,1
1988,BC,Libertarian Party of Canada,32,0,0
1988,BC,New Democratic Party,32,13,19
1988,BC,No affiliation to a recognised party,32,0,0
1988,BC,Party for the Commonwealth of Canada,32,0,0
1988,BC,Progressive Conservative Party,32,12,12
1988,BC,Reform Party of Canada,32,0,0
1988,BC,Rhinoceros Party of Canada,32,0,0
1988,BC,Social Credit Party of Canada,32,0,0
1988,NATIONAL,Christian Heritage Party of Canada,32,0,0
1988,NATIONAL,Co-operative Commonwealth Federation,99,0,0
1988,NATIONAL,Communist Party of Canada,32,0,0
1988,NATIONAL,Confederation of Regions Western Party,32,0,0
1988,NATIONAL,Green Party of Canada,32,0,0
1988,NATIONAL,Liberal Party of Canada,32,97,83
1988,NATIONAL,Libertarian Party of Canada,32,0,0
1988,NATIONAL,New Democratic Party,32,61,43
1988,NATIONAL,No affiliation to a recognised party,32,0,0
1988,NATIONAL,Party for the Commonwealth of Canada,32,0,0
1988,NATIONAL,Progressive Conservative Party,32,132,169
1988,NATIONAL,Reform Party of Canada,32,5,0
1988,NATIONAL,Rhinoceros Party of Canada,32,0,0
1988,NATIONAL,Social Credit Party of Canada,32,0,0
1988,ON,Christian Heritage Party of Canada,99,0,0
1988,ON,Co-operative Commonwealth Federation,99,0,0
1988,ON,Communist Party of Canada,99,0,0
1988,ON,Confederation of Regions Western Party,99,0,0
1988,ON,Green Party of Canada,99,0,0
1988,ON,Liberal Party of Canada,99,40,43
1988,ON,Libertarian Party of Canada,99,0,0
1988,ON,New Democratic Party,99,20,10
1988,ON,No affiliation to a recognised party,99,0,0
1988,ON,Party for the Commonwealth of Canada,99,0,0
1988,ON,Progressive Conservative Party,99,39,46
1988,ON,Rhinoceros Party of Canada,99,0,0
1988,ON,Social Credit Party of Canada,99,0,0
1988,PRAIRIE,Christian Heritage Party of Canada,54,0,0
1988,PRAIRIE,Communist Party of Canada,54,0,0
1988,PRAIRIE,Confederation of Regions Western Party,54,0,0
1988,PRAIRIE,Green Party of Canada,54,0,0
1988,PRAIRIE,Liberal Party of Canada,54,11,5
1988,PRAIRIE,Libertarian Party of Canada,54,0,0
1988,PRAIRIE,New Democratic Party,54,13,13
1988,PRAIRIE,No affiliation to a recognised party,54,0,0
1988,PRAIRIE,Party for the Commonwealth of Canada,54,0,0
1988,PRAIRIE,Progressive Conservative Party,54,25,36
1988,PRAIRIE,Reform Party of Canada,54,5,0
1988,PRAIRIE,Rhinoceros Party of Canada,54,0,0
1988,QC,Christian Heritage Party of Canada,75,0,0
1988,QC,Communist Party of Canada,75,0,0
1988,QC,Green Party of Canada,75,0,0
1988,QC,Liberal Party of Canada,75,23,12
1988,QC,Libertarian Party of Canada,75,0,0
1988,QC,New Democratic Party,75,11,0
1988,QC,No affiliation to a recognised party,75,0,0
1988,QC,Party for the Commonwealth of Canada,75,0,0
1988,QC,Progressive Conservative Party,75,41,63
1988,QC,Rhinoceros Party of Canada,75,0,0
1988,QC,Social Credit Party of Canada,75,0,0
1988,TERRITORIES,Christian Heritage Party of Canada,3,0,0
1988,TERRITORIES,Liberal Party of Canada,3,1,2
1988,TERRITORIES,New Democratic Party,3,1,1
1988,TERRITORIES,No affiliation to a recognised party,3,0,0
1988,TERRITORIES,Progressive Conservative Party,3,1,0
1993,ATLANTIC,Canada Party,32,0,0
1993,ATLANTIC,Christian Heritage Party of Canada,32,0,0
1993,ATLANTIC,Green Party of Canada,32,0,0
1993,ATLANTIC,Liberal Party of Canada,32,20,31
1993,ATLANTIC,Marxist-Leninist Party of Canada,32,0,0
1993,ATLANTIC,National Party of Canada,32,0,0
1993,ATLANTIC,Natural Law Party of Canada,32,0,0
1993,ATLANTIC,New Democratic Party,32,1,0
1993,ATLANTIC,No affiliation to a recognised party,32,0,0
1993,ATLANTIC,Progressive Conservative Party,32,9,1
1993,ATLANTIC,Reform Party of Canada,32,2,0
1993,BC,Canada Party,32,0,0
1993,BC,Christian Heritage Party of Canada,32,0,0
1993,BC,Green Party of Canada,32,0,0
1993,BC,Liberal Party of Canada,32,10,6
1993,BC,Libertarian Party of Canada,32,0,0
1993,BC,Marxist-Leninist Party of Canada,32,0,0
1993,BC,National Party of Canada,32,0,0
1993,BC,Natural Law Party of Canada,32,0,0
1993,BC,New Democratic Party,32,5,2
1993,BC,No affiliation to a recognised party,32,0,0
1993,BC,Party for the Commonwealth of Canada,32,0,0
1993,BC,Progressive Conservative Party,32,4,0
1993,BC,Reform Party of Canada,32,13,24
1993,NATIONAL,Abolitionist Party of Canada,99,0,0
1993,NATIONAL,Bloc Québécois,75,39,54
1993,NATIONAL,Canada Party,32,0,0
1993,NATIONAL,Christian Heritage Party of Canada,32,0,0
1993,NATIONAL,Green Party of Canada,32,0,0
1993,NATIONAL,Liberal Party of Canada,32,131,177
1993,NATIONAL,Libertarian Party of Canada,32,0,0
1993,NATIONAL,Marxist-Leninist Party of Canada,32,0,0
1993,NATIONAL,National Party of Canada,32,0,0
1993,NATIONAL,Natural Law Party of Canada,32,0,0
1993,NATIONAL,New Democratic Party,32,20,9
1993,NATIONAL,No affiliation to a recognised party,32,0,1
1993,NATIONAL,Party for the Commonwealth of Canada,32,0,0
1993,NATIONAL,Progressive Conservative Party,32,48,2
1993,NATIONAL,Reform Party of Canada,32,57,52
1993,ON,Abolitionist Party of Canada,99,0,0
1993,ON,Canada Party,99,0,0
1993,ON,Christian Heritage Party of Canada,99,0,0
1993,ON,Green Party of Canada,99,0,0
1993,ON,Liberal Party of Canada,99,55,98
1993,ON,Libertarian Party of Canada,99,0,0
1993,ON,Marxist-Leninist Party of Canada,99,0,0
1993,ON,National Party of Canada,99,0,0
1993,ON,Natural Law Party of Canada,99,0,0
1993,ON,New Democratic Party,99,6,0
1993,ON,No affiliation to a recognised party,99,0,0
1993,ON,Party for the Commonwealth of Canada,99,0,0
1993,ON,Progressive Conservative Party,99,18,0
1993,ON,Reform Party of Canada,99,20,1
1993,PRAIRIE,Canada Party,54,0,0
1993,PRAIRIE,Christian Heritage Party of Canada,54,0,0
1993,PRAIRIE,Green Party of Canada,54,0,0
1993,PRAIRIE,Liberal Party of Canada,54,18,21
1993,PRAIRIE,Libertarian Party of Canada,54,0,0
1993,PRAIRIE,Marxist-Leninist Party of Canada,54,0,0
1993,PRAIRIE,National Party of Canada,54,0,0
1993,PRAIRIE,Natural Law Party of Canada,54,0,0
1993,PRAIRIE,New Democratic Party,54,7,6
1993,PRAIRIE,No affiliation to a recognised party,54,0,0
1993,PRAIRIE,Progressive Conservative Party,54,7,0
1993,PRAIRIE,Reform Party of Canada,54,22,27
1993,QC,Abolitionist Party of Canada,75,0,0
1993,QC,Bloc Québécois,75,39,54
1993,QC,Christian Heritage Party of Canada,75,0,0
1993,QC,Green Party of Canada,75,0,0
1993,QC,Liberal Party of Canada,75,26,19
1993,QC,Libertarian Party of Canada,75,0,0
1993,QC,Marxist-Leninist Party of Canada,75,0,0
1993,QC,National Party of Canada,75,0,0
1993,QC,Natural Law Party of Canada,75,0,0
1993,QC,New Democratic Party,75,0,0
1993,QC,No affiliation to a recognised party,75,0,1
1993,QC,Party for the Commonwealth of Canada,75,0,0
1993,QC,Progressive Conservative Party,75,10,1
1993,TERRITORIES,Christian Heritage Party of Canada,3,0,0
1993,TERRITORIES,Green Party of Canada,3,0,0
1993,TERRITORIES,Liberal Party of Canada,3,2,2
1993,TERRITORIES,National Party of Canada,3,0,0
1993,TERRITORIES,Natural Law Party of Canada,3,0,0
1993,TERRITORIES,New Democratic Party,3,1,1
1993,TERRITORIES,Progressive Conservative Party,3,0,0
1993,TERRITORIES,Reform Party of Canada,3,0,0
1997,ATLANTIC,Christian Heritage Party of Canada,32,0,0
1997,ATLANTIC,Green Party of Canada,32,0,0
1997,ATLANTIC,Liberal Party of Canada,32,11,11
1997,ATLANTIC,Marxist-Leninist Party of Canada,32,0,0
1997,ATLANTIC,Natural Law Party of Canada,32,0,0
1997,ATLANTIC,New Democratic Party,32,7,8
1997,ATLANTIC,No affiliation to a recognised party,32,0,0
1997,ATLANTIC,Progressive Conservative Party,32,11,13
1997,ATLANTIC,Reform Party of Canada,32,3,0
1997,BC,Canadian Action Party,34,0,0
1997,BC,Christian Heritage Party of Canada,34,0,0
1997,BC,Green Party of Canada,34,0,0
1997,BC,Liberal Party of Canada,34,10,6
1997,BC,Marxist-Leninist Party of Canada,34,0,0
1997,BC,Natural Law Party of Canada,34,0,0
1997,BC,New Democratic Party,34,6,3
1997,BC,No affiliation to a recognised party,34,0,0
1997,BC,Progressive Conservative Party,34,2,0
1997,BC,Reform Party of Canada,34,16,25
1997,NATIONAL,Bloc Québécois,75,29,44
1997,NATIONAL,Canadian Action Party,34,0,0
1997,NATIONAL,Christian Heritage Party of Canada,32,0,0
1997,NATIONAL,Green Party of Canada,32,0,0
1997,NATIONAL,Liberal Party of Canada,32,119,155
1997,NATIONAL,Marxist-Leninist Party of Canada,32,0,0
1997,NATIONAL,Natural Law Party of Canada,32,0,0
1997,NATIONAL,New Democratic Party,32,33,21
1997,NATIONAL,No affiliation to a recognised party,32,0,1
1997,NATIONAL,Progressive Conservative Party,32,57,20
1997,NATIONAL,Reform Party of Canada,32,63,60
1997,ON,Canadian Action Party,103,0,0
1997,ON,Christian Heritage Party of Canada,103,0,0
1997,ON,Green Party of Canada,103,0,0
1997,ON,Liberal Party of Canada,103,52,101
1997,ON,Marxist-Leninist Party of Canada,103,0,0
1997,ON,Natural Law Party of Canada,103,0,0
1997,ON,New Democratic Party,103,11,0
1997,ON,No affiliation to a recognised party,103,0,1
1997,ON,Progressive Conservative Party,103,20,1
1997,ON,Reform Party of Canada,103,20,0
1997,PRAIRIE,Canadian Action Party,54,0,0
1997,PRAIRIE,Christian Heritage Party of Canada,54,0,0
1997,PRAIRIE,Green Party of Canada,54,0,0
1997,PRAIRIE,Liberal Party of Canada,54,15,9
1997,PRAIRIE,Marxist-Leninist Party of Canada,54,0,0
1997,PRAIRIE,Natural Law Party of Canada,54,0,0
1997,PRAIRIE,New Democratic Party,54,8,9
1997,PRAIRIE,No affiliation to a recognised party,54,0,0
1997,PRAIRIE,Progressive Conservative Party,54,7,1
1997,PRAIRIE,Reform Party of Canada,54,24,35
1997,QC,Bloc Québécois,75,29,44
1997,QC,Canadian Action Party,75,0,0
1997,QC,Christian Heritage Party of Canada,75,0,0
1997,QC,Green Party of Canada,75,0,0
1997,QC,Liberal Party of Canada,75,29,26
1997,QC,Marxist-Leninist Party of Canada,75,0,0
1997,QC,Natural Law Party of Canada,75,0,0
1997,QC,New Democratic Party,75,0,0
1997,QC,No affiliation to a recognised party,75,0,0
1997,QC,Progressive Conservative Party,75,17,5
1997,QC,Reform Party of Canada,75,0,0
1997,TERRITORIES,Christian Heritage Party of Canada,3,0,0
1997,TERRITORIES,Liberal Party of Canada,3,2,2
1997,TERRITORIES,New Democratic Party,3,1,1
1997,TERRITORIES,No affiliation to a recognised party,3,0,0
1997,TERRITORIES,Progressive Conservative Party,3,0,0
1997,TERRITORIES,Reform Party of Canada,3,0,0
2000,ATLANTIC,Canadian Reform Conservative Alliance,32,3,0
2000,ATLANTIC,Communist Party of Canada,32,0,0
2000,ATLANTIC,Green Party of Canada,32,0,0
2000,ATLANTIC,Liberal Party of Canada,32,14,19
2000,ATLANTIC,Marijuana Party,32,0,0
2000,ATLANTIC,Marxist-Leninist Party of Canada,32,0,0
2000,ATLANTIC,Natural Law Party of Canada,32,0,0
2000,ATLANTIC,New Democratic Party,32,5,4
2000,ATLANTIC,No affiliation to a recognised party,32,0,0
2000,ATLANTIC,Progressive Conservative Party,32,10,9
2000,BC,Canadian Action Party,34,0,0
2000,BC,Canadian Reform Conservative Alliance,34,18,27
2000,BC,Communist Party of Canada,34,0,0
2000,BC,Green Party of Canada,34,0,0
2000,BC,Liberal Party of Canada,34,10,5
2000,BC,Marijuana Party,34,0,0
2000,BC,Marxist-Leninist Party of Canada,34,0,0
2000,BC,Natural Law Party of Canada,34,0,0
2000,BC,New Democratic Party,34,4,2
2000,BC,No affiliation to a recognised party,34,0,0
2000,BC,Progressive Conservative Party,34,2,0
2000,NATIONAL,Bloc Québécois,75,32,38
2000,NATIONAL,Canadian Action Party,34,0,0
2000,NATIONAL,Canadian Reform Conservative Alliance,32,78,66
2000,NATIONAL,Communist Party of Canada,32,0,0
2000,NATIONAL,Green Party of Canada,32,0,0
2000,NATIONAL,Liberal Party of Canada,32,129,172
2000,NATIONAL,Marijuana Party,32,0,0
2000,NATIONAL,Marxist-Leninist Party of Canada,32,0,0
2000,NATIONAL,Natural Law Party of Canada,32,0,0
2000,NATIONAL,New Democratic Party,32,25,13
2000,NATIONAL,No affiliation to a recognised party,32,0,0
2000,NATIONAL,Progressive Conservative Party,32,37,12
2000,ON,Canadian Action Party,103,0,0
2000,ON,Canadian Reform Conservative Alliance,103,25,2
2000,ON,Communist Party of Canada,103,0,0
2000,ON,Green Party of Canada,103,0,0
2000,ON,Liberal Party of Canada,103,55,100
2000,ON,Marijuana Party,103,0,0
2000,ON,Marxist-Leninist Party of Canada,103,0,0
2000,ON,Natural Law Party of Canada,103,0,0
2000,ON,New Democratic Party,103,8,1
2000,ON,No affiliation to a recognised party,103,0,0
2000,ON,Progressive Conservative Party,103,15,0
2000,PRAIRIE,Canadian Action Party,54,0,0
2000,PRAIRIE,Canadian Reform Conservative Alliance,54,28,37
2000,PRAIRIE,Communist Party of Canada,54,0,0
2000,PRAIRIE,Green Party of Canada,54,0,0
2000,PRAIRIE,Liberal Party of Canada,54,13,9
2000,PRAIRIE,Marijuana Party,54,0,0
2000,PRAIRIE,Marxist-Leninist Party of Canada,54,0,0
2000,PRAIRIE,Natural Law Party of Canada,54,0,0
2000,PRAIRIE,New Democratic Party,54,7,6
2000,PRAIRIE,No affiliation to a recognised party,54,0,0
2000,PRAIRIE,Progressive Conservative Party,54,6,2
2000,QC,Bloc Québécois,75,32,38
2000,QC,Canadian Action Party,75,0,0
2000,QC,Canadian Reform Conservative Alliance,75,4,0
2000,QC,Communist Party of Canada,75,0,0
2000,QC,Green Party of Canada,75,0,0
2000,QC,Liberal Party of Canada,75,35,36
2000,QC,Marijuana Party,75,0,0
2000,QC,Marxist-Leninist Party of Canada,75,0,0
2000,QC,Natural Law Party of Canada,75,0,0
2000,QC,New Democratic Party,75,0,0
2000,QC,No affiliation to a recognised party,75,0,0
2000,QC,Progressive Conservative Party,75,4,1
2000,TERRITORIES,Canadian Reform Conservative Alliance,3,0,0
2000,TERRITORIES,Green Party of Canada,3,0,0
2000,TERRITORIES,Liberal Party of Canada,3,2,3
2000,TERRITORIES,New Democratic Party,3,1,0
2000,TERRITORIES,No affiliation to a recognised party,3,0,0
2000,TERRITORIES,Progressive Conservative Party,3,0,0
2004,ATLANTIC,Canadian Action Party,32,0,0
2004,ATLANTIC,Christian Heritage Party of Canada,32,0,0
2004,ATLANTIC,Conservative Party of Canada,32,10,7
2004,ATLANTIC,Green Party of Canada,32,0,0
2004,ATLANTIC,Liberal Party of Canada,32,15,22
2004,ATLANTIC,Marijuana Party,32,0,0
2004,ATLANTIC,Marxist-Leninist Party of Canada,32,0,0
2004,ATLANTIC,New Democratic Party,32,7,3
2004,ATLANTIC,No affiliation to a recognised party,32,0,0
2004,ATLANTIC,Progressive Canadian Party,32,0,0
2004,BC,Canadian Action Party,36,0,0
2004,BC,Christian Heritage Party of Canada,36,0,0
2004,BC,Communist Party of Canada,36,0,0
2004,BC,Conservative Party of Canada,36,13,22
2004,BC,Green Party of Canada,36,2,0
2004,BC,Liberal Party of Canada,36,11,8
2004,BC,Libertarian Party of Canada,36,0,0
2004,BC,Marijuana Party,36,0,0
2004,BC,Marxist-Leninist Party of Canada,36,0,0
2004,BC,New Democratic Party,36,10,5
2004,BC,No affiliation to a recognised party,36,0,1
2004,NATIONAL,Bloc Québécois,75,40,54
2004,NATIONAL,Canadian Action Party,32,0,0
2004,NATIONAL,Christian Heritage Party of Canada,32,0,0
2004,NATIONAL,Communist Party of Canada,36,0,0
2004,NATIONAL,Conservative Party of Canada,32,97,99
2004,NATIONAL,Green Party of Canada,32,2,0
2004,NATIONAL,Liberal Party of Canada,32,122,135
2004,NATIONAL,Libertarian Party of Canada,36,0,0
2004,NATIONAL,Marijuana Party,32,0,0
2004,NATIONAL,Marxist-Leninist Party of Canada,32,0,0
2004,NATIONAL,New Democratic Party,32,47,19
2004,NATIONAL,No affiliation to a recognised party,32,0,1
2004,NATIONAL,Progressive Canadian Party,32,0,0
2004,ON,Canadian Action Party,106,0,0
2004,ON,Christian Heritage Party of Canada,106,0,0
2004,ON,Communist Party of Canada,106,0,0
2004,ON,Conservative Party of Canada,106,35,24
2004,ON,Green Party of Canada,106,0,0
2004,ON,Liberal Party of Canada,106,51,75
2004,ON,Libertarian Party of Canada,106,0,0
2004,ON,Marijuana Party,106,0,0
2004,ON,Marxist-Leninist Party of Canada,106,0,0
2004,ON,New Democratic Party,106,20,7
2004,ON,No affiliation to a recognised party,106,0,0
2004,ON,Progressive Canadian Party,106,0,0
2004,PRAIRIE,Canadian Action Party,56,0,0
2004,PRAIRIE,Christian Heritage Party of Canada,56,0,0
2004,PRAIRIE,Communist Party of Canada,56,0,0
2004,PRAIRIE,Conservative Party of Canada,56,32,46
2004,PRAIRIE,Green Party of Canada,56,0,0
2004,PRAIRIE,Liberal Party of Canada,56,15,6
2004,PRAIRIE,Marijuana Party,56,0,0
2004,PRAIRIE,Marxist-Leninist Party of Canada,56,0,0
2004,PRAIRIE,New Democratic Party,56,9,4
2004,PRAIRIE,No affiliation to a recognised party,56,0,0
2004,PRAIRIE,Progressive Canadian Party,56,0,0
2004,QC,Bloc Québécois,75,40,54
2004,QC,Canadian Action Party,75,0,0
2004,QC,Christian Heritage Party of Canada,75,0,0
2004,QC,Communist Party of Canada,75,0,0
2004,QC,Conservative Party of Canada,75,7,0
2004,QC,Green Party of Canada,75,0,0
2004,QC,Liberal Party of Canada,75,28,21
2004,QC,Libertarian Party of Canada,75,0,0
2004,QC,Marijuana Party,75,0,0
2004,QC,Marxist-Leninist Party of Canada,75,0,0
2004,QC,New Democratic Party,75,0,0
2004,QC,No affiliation to a recognised party,75,0,0
2004,TERRITORIES,Christian Heritage Party of Canada,3,0,0
2004,TERRITORIES,Conservative Party of Canada,3,0,0
2004,TERRITORIES,Green Party of Canada,3,0,0
2004,TERRITORIES,Liberal Party of Canada,3,2,3
2004,TERRITORIES,Marijuana Party,3,0,0
2004,TERRITORIES,New Democratic Party,3,1,0
2004,TERRITORIES,No affiliation to a recognised party,3,0,0
2006,ATLANTIC,Canadian Action Party,32,0,0
2006,ATLANTIC,Christian Heritage Party of Canada,32,0,0
2006,ATLANTIC,Conservative Party of Canada,32,12,9
2006,ATLANTIC,Green Party of Canada,32,0,0
2006,ATLANTIC,Liberal Party of Canada,32,13,20
2006,ATLANTIC,Marijuana Party,32,0,0
2006,ATLANTIC,Marxist-Leninist Party of Canada,32,0,0
2006,ATLANTIC,New Democratic Party,32,7,3
2006,ATLANTIC,No affiliation to a recognised party,32,0,0
2006,BC,Canadian Action Party,36,0,0
2006,BC,Christian Heritage Party of Canada,36,0,0
2006,BC,Communist Party of Canada,36,0,0
2006,BC,Conservative Party of Canada,36,14,17
2006,BC,First Peoples National Party of Canada,36,0,0
2006,BC,Green Party of Canada,36,2,0
2006,BC,Liberal Party of Canada,36,10,9
2006,BC,Libertarian Party of Canada,36,0,0
2006,BC,Marijuana Party,36,0,0
2006,BC,Marxist-Leninist Party of Canada,36,0,0
2006,BC,New Democratic Party,36,10,10
2006,BC,No affiliation to a recognised party,36,0,0
2006,BC,Progressive Canadian Party,36,0,0
2006,BC,Western Block Party,36,0,0
2006,NATIONAL,Animal Alliance Environment Voters Party of Canada,106,0,0
2006,NATIONAL,Bloc Québécois,75,34,51
2006,NATIONAL,Canadian Action Party,32,0,0
2006,NATIONAL,Christian Heritage Party of Canada,32,0,0
2006,NATIONAL,Communist Party of Canada,36,0,0
2006,NATIONAL,Conservative Party of Canada,32,118,124
2006,NATIONAL,First Peoples National Party of Canada,36,0,0
2006,NATIONAL,Green Party of Canada,32,5,0
2006,NATIONAL,Liberal Party of Canada,32,96,103
2006,NATIONAL,Libertarian Party of Canada,36,0,0
2006,NATIONAL,Marijuana Party,32,0,0
2006,NATIONAL,Marxist-Leninist Party of Canada,32,0,0
2006,NATIONAL,New Democratic Party,32,55,29
2006,NATIONAL,No affiliation to a recognised party,32,0,1
2006,NATIONAL,Progressive Canadian Party,36,0,0
2006,NATIONAL,Western Block Party,36,0,0
2006,ON,Animal Alliance Environment Voters Party of Canada,106,0,0
2006,ON,Canadian Action Party,106,0,0
2006,ON,Christian Heritage Party of Canada,106,0,0
2006,ON,Communist Party of Canada,106,0,0
2006,ON,Conservative Party of Canada,106,39,40
2006,ON,First Peoples National Party of Canada,106,0,0
2006,ON,Green Party of Canada,106,0,0
2006,ON,Liberal Party of Canada,106,45,54
2006,ON,Libertarian Party of Canada,106,0,0
2006,ON,Marijuana Party,106,0,0
2006,ON,Marxist-Leninist Party of Canada,106,0,0
2006,ON,New Democratic Party,106,22,12
2006,ON,No affiliation to a recognised party,106,0,0
2006,ON,Progressive Canadian Party,106,0,0
2006,PRAIRIE,Canadian Action Party,56,0,0
2006,PRAIRIE,Christian Heritage Party of Canada,56,0,0
2006,PRAIRIE,Communist Party of Canada,56,0,0
2006,PRAIRIE,Conservative Party of Canada,56,33,48
2006,PRAIRIE,First Peoples National Party of Canada,56,0,0
2006,PRAIRIE,Green Party of Canada,56,3,0
2006,PRAIRIE,Liberal Party of Canada,56,11,5
2006,PRAIRIE,Marijuana Party,56,0,0
2006,PRAIRIE,Marxist-Leninist Party of Canada,56,0,0
2006,PRAIRIE,New Democratic Party,56,9,3
2006,PRAIRIE,No affiliation to a recognised party,56,0,0
2006,PRAIRIE,Progressive Canadian Party,56,0,0
2006,PRAIRIE,Western Block Party,56,0,0
2006,QC,Bloc Québécois,75,34,51
2006,QC,Canadian Action Party,75,0,0
2006,QC,Christian Heritage Party of Canada,75,0,0
2006,QC,Communist Party of Canada,75,0,0
2006,QC,Conservative Party of Canada,75,19,10
2006,QC,Green Party of Canada,75,0,0
2006,QC,Liberal Party of Canada,75,16,13
2006,QC,Libertarian Party of Canada,75,0,0
2006,QC,Marijuana Party,75,0,0
2006,QC,Marxist-Leninist Party of Canada,75,0,0
2006,QC,New Democratic Party,75,6,0
2006,QC,No affiliation to a recognised party,75,0,1
2006,QC,Progressive Canadian Party,75,0,0
2006,TERRITORIES,Conservative Party of Canada,3,1,0
2006,TERRITORIES,Green Party of Canada,3,0,0
2006,TERRITORIES,Liberal Party of Canada,3,1,2
2006,TERRITORIES,Marijuana Party,3,0,0
2006,TERRITORIES,New Democratic Party,3,1,1
2006,TERRITORIES,No affiliation to a recognised party,3,0,0
2008,ATLANTIC,Canadian Action Party,32,0,0
2008,ATLANTIC,Christian Heritage Party of Canada,32,0,0
2008,ATLANTIC,Conservative Party of Canada,32,10,10
2008,ATLANTIC,Green Party of Canada,32,2,0
2008,ATLANTIC,Liberal Party of Canada,32,12,17
2008,ATLANTIC,Marijuana Party,32,0,0
2008,ATLANTIC,Marxist-Leninist Party of Canada,32,0,0
2008,ATLANTIC,New Democratic Party,32,8,4
2008,ATLANTIC,Newfoundland and Labrador First Party,32,0,0
2008,ATLANTIC,No affiliation to a recognised party,32,0,1
2008,ATLANTIC,Progressive Canadian Party,32,0,0
2008,BC,Canadian Action Party,36,0,0
2008,BC,Christian Heritage Party of Canada,36,0,0
2008,BC,Communist Party of Canada,36,0,0
2008,BC,Conservative Party of Canada,36,17,22
2008,BC,Green Party of Canada,36,3,0
2008,BC,Liberal Party of Canada,36,7,5
2008,BC,Libertarian Party of Canada,36,0,0
2008,BC,Marijuana Party,36,0,0
2008,BC,Marxist-Leninist Party of Canada,36,0,0
2008,BC,New Democratic Party,36,9,9
2008,BC,No affiliation to a recognised party,36,0,0
2008,BC,Progressive Canadian Party,36,0,0
2008,BC,Western Block Party,36,0,0
2008,BC,Work Less Party,36,0,0
2008,NATIONAL,Animal Alliance Environment Voters Party of Canada,106,0,0
2008,NATIONAL,Bloc Québécois,75,30,49
2008,NATIONAL,Canadian Action Party,32,0,0
2008,NATIONAL,Christian Heritage Party of Canada,32,0,0
2008,NATIONAL,Communist Party of Canada,36,0,0
2008,NATIONAL,Conservative Party of Canada,32,121,143
2008,NATIONAL,First Peoples National Party of Canada,106,0,0
2008,NATIONAL,Green Party of Canada,32,17,0
2008,NATIONAL,Liberal Party of Canada,32,84,77
2008,NATIONAL,Libertarian Party of Canada,36,0,0
2008,NATIONAL,Marijuana Party,32,0,0
2008,NATIONAL,Marxist-Leninist Party of Canada,32,0,0
2008,NATIONAL,New Democratic Party,32,56,37
2008,NATIONAL,Newfoundland and Labrador First Party,32,0,0
2008,NATIONAL,No affiliation to a recognised party,32,0,2
2008,NATIONAL,People's Political Power Party of Canada,56,0,0
2008,NATIONAL,Progressive Canadian Party,32,0,0
2008,NATIONAL,Western Block Party,36,0,0
2008,NATIONAL,Work Less Party,36,0,0
2008,NATIONAL,neorhino.ca,75,0,0
2008,ON,Animal Alliance Environment Voters Party of Canada,106,0,0
2008,ON,Canadian Action Party,106,0,0
2008,ON,Christian Heritage Party of Canada,106,0,0
2008,ON,Communist Party of Canada,106,0,0
2008,ON,Conservative Party of Canada,106,42,51
2008,ON,First Peoples National Party of Canada,106,0,0
2008,ON,Green Party of Canada,106,8,0
2008,ON,Liberal Party of Canada,106,37,38
2008,ON,Libertarian Party of Canada,106,0,0
2008,ON,Marijuana Party,106,0,0
2008,ON,Marxist-Leninist Party of Canada,106,0,0
2008,ON,New Democratic Party,106,19,17
2008,ON,No affiliation to a recognised party,106,0,0
2008,ON,Progressive Canadian Party,106,0,0
2008,PRAIRIE,Canadian Action Party,56,0,0
2008,PRAIRIE,Christian Heritage Party of Canada,56,0,0
2008,PRAIRIE,Communist Party of Canada,56,0,0
2008,PRAIRIE,Conservative Party of Canada,56,34,49
2008,PRAIRIE,First Peoples National Party of Canada,56,0,0
2008,PRAIRIE,Green Party of Canada,56,4,0
2008,PRAIRIE,Liberal Party of Canada,56,8,2
2008,PRAIRIE,Libertarian Party of Canada,56,0,0
2008,PRAIRIE,Marxist-Leninist Party of Canada,56,0,0
2008,PRAIRIE,New Democratic Party,56,10,5
2008,PRAIRIE,No affiliation to a recognised party,56,0,0
2008,PRAIRIE,People's Political Power Party of Canada,56,0,0
2008,QC,Bloc Québécois,75,30,49
2008,QC,Christian Heritage Party of Canada,75,0,0
2008,QC,Communist Party of Canada,75,0,0
2008,QC,Conservative Party of Canada,75,17,10
2008,QC,Green Party of Canada,75,0,0
2008,QC,Liberal Party of Canada,75,19,14
2008,QC,Marijuana Party,75,0,0
2008,QC,Marxist-Leninist Party of Canada,75,0,0
2008,QC,New Democratic Party,75,9,1
2008,QC,No affiliation to a recognised party,75,0,1
2008,QC,neorhino.ca,75,0,0
2008,TERRITORIES,Conservative Party of Canada,3,1,1
2008,TERRITORIES,First Peoples National Party of Canada,3,0,0
2008,TERRITORIES,Green Party of Canada,3,0,0
2008,TERRITORIES,Liberal Party of Canada,3,1,1
2008,TERRITORIES,New Democratic Party,3,1,1
2011,ATLANTIC,Christian Heritage Party of Canada,32,0,0
2011,ATLANTIC,Conservative Party of Canada,32,12,14
2011,ATLANTIC,Green Party of Canada,32,0,0
2011,ATLANTIC,Liberal Party of Canada,32,10,12
2011,ATLANTIC,Marxist-Leninist Party of Canada,32,0,0
2011,ATLANTIC,New Democratic Party,32,10,6
2011,ATLANTIC,No affiliation to a recognised party,32,0,0
2011,BC,Canadian Action Party,36,0,0
2011,BC,Christian Heritage Party of Canada,36,0,0
2011,BC,Communist Party of Canada,36,0,0
2011,BC,Conservative Party of Canada,36,17,21
2011,BC,Green Party of Canada,36,2,1
2011,BC,Liberal Party of Canada,36,5,2
2011,BC,Libertarian Party of Canada,36,0,0
2011,BC,Marxist-Leninist Party of Canada,36,0,0
2011,BC,New Democratic Party,36,12,12
2011,BC,No affiliation to a recognised party,36,0,0
2011,BC,Pirate Party of Canada,36,0,0
2011,BC,Progressive Canadian Party,36,0,0
2011,BC,Rhinoceros Party of Canada,36,0,0
2011,BC,Western Block Party,36,0,0
2011,NATIONAL,Animal Alliance Environment Voters Party of Canada,106,0,0
2011,NATIONAL,Bloc Québécois,75,18,4
2011,NATIONAL,Canadian Action Party,36,0,0
2011,NATIONAL,Christian Heritage Party of Canada,32,0,0
2011,NATIONAL,Communist Party of Canada,36,0,0
2011,NATIONAL,Conservative Party of Canada,32,130,166
2011,NATIONAL,First Peoples National Party of Canada,106,0,0
2011,NATIONAL,Green Party of Canada,32,2,1
2011,NATIONAL,Liberal Party of Canada,32,61,34
2011,NATIONAL,Libertarian Party of Canada,36,0,0
2011,NATIONAL,Marijuana Party,106,0,0
2011,NATIONAL,Marxist-Leninist Party of Canada,32,0,0
2011,NATIONAL,New Democratic Party,32,97,103
2011,NATIONAL,No affiliation to a recognised party,32,0,0
2011,NATIONAL,Pirate Party of Canada,36,0,0
2011,NATIONAL,Progressive Canadian Party,36,0,0
2011,NATIONAL,Rhinoceros Party of Canada,36,0,0
2011,NATIONAL,United Party of Canada,106,0,0
2011,NATIONAL,Western Block Party,36,0,0
2011,ON,Animal Alliance Environment Voters Party of Canada,106,0,0
2011,ON,Canadian Action Party,106,0,0
2011,ON,Christian Heritage Party of Canada,106,0,0
2011,ON,Communist Party of Canada,106,0,0
2011,ON,Conservative Party of Canada,106,50,73
2011,ON,First Peoples National Party of Canada,106,0,0
2011,ON,Green Party of Canada,106,0,0
2011,ON,Liberal Party of Canada,106,28,11
2011,ON,Libertarian Party of Canada,106,0,0
2011,ON,Marijuana Party,106,0,0
2011,ON,Marxist-Leninist Party of Canada,106,0,0
2011,ON,New Democratic Party,106,28,22
2011,ON,No affiliation to a recognised party,106,0,0
2011,ON,Pirate Party of Canada,106,0,0
2011,ON,Progressive Canadian Party,106,0,0
2011,ON,United Party of Canada,106,0,0
2011,PRAIRIE,Canadian Action Party,56,0,0
2011,PRAIRIE,Christian Heritage Party of Canada,56,0,0
2011,PRAIRIE,Communist Party of Canada,56,0,0
2011,PRAIRIE,Conservative Party of Canada,56,37,51
2011,PRAIRIE,Green Party of Canada,56,0,0
2011,PRAIRIE,Liberal Party of Canada,56,6,2
2011,PRAIRIE,Marxist-Leninist Party of Canada,56,0,0
2011,PRAIRIE,New Democratic Party,56,13,3
2011,PRAIRIE,No affiliation to a recognised party,56,0,0
2011,PRAIRIE,Pirate Party of Canada,56,0,0
2011,PRAIRIE,Progressive Canadian Party,56,0,0
2011,PRAIRIE,Rhinoceros Party of Canada,56,0,0
2011,PRAIRIE,Western Block Party,56,0,0
2011,QC,Bloc Québécois,75,18,4
2011,QC,Canadian Action Party,75,0,0
2011,QC,Christian Heritage Party of Canada,75,0,0
2011,QC,Communist Party of Canada,75,0,0
2011,QC,Conservative Party of Canada,75,13,5
2011,QC,Green Party of Canada,75,0,0
2011,QC,Liberal Party of Canada,75,11,7
2011,QC,Marxist-Leninist Party of Canada,75,0,0
2011,QC,New Democratic Party,75,33,59
2011,QC,No affiliation to a recognised party,75,0,0
2011,QC,Pirate Party of Canada,75,0,0
2011,QC,Rhinoceros Party of Canada,75,0,0
2011,TERRITORIES,Animal Alliance Environment Voters Party of Canada,3,0,0
2011,TERRITORIES,Conservative Party of Canada,3,1,2
2011,TERRITORIES,Green Party of Canada,3,0,0
2011,TERRITORIES,Liberal Party of Canada,3,1,0
2011,TERRITORIES,New Democratic Party,3,1,1
2015,ATLANTIC,Christian Heritage Party of Canada,32,0,0
2015,ATLANTIC,Communist Party of Canada,32,0,0
2015,ATLANTIC,Conservative Party of Canada,32,6,0
2015,ATLANTIC,Green Party of Canada,32,0,0
2015,ATLANTIC,Liberal Party of Canada,32,20,32
2015,ATLANTIC,Libertarian Party of Canada,32,0,0
2015,ATLANTIC,Marxist-Leninist Party of Canada,32,0,0
2015,ATLANTIC,New Democratic Party,32,6,0
2015,ATLANTIC,No affiliation to a recognised party,32,0,0
2015,ATLANTIC,Rhinoceros Party of Canada,32,0,0
2015,ATLANTIC,Strength in Democracy,32,0,0
2015,BC,Animal Alliance Environment Voters Party of Canada,42,0,0
2015,BC,Christian Heritage Party of Canada,42,0,0
2015,BC,Communist Party of Canada,42,0,0
2015,BC,Conservative Party of Canada,42,13,10
2015,BC,Green Party of Canada,42,3,1
2015,BC,Liberal Party of Canada,42,15,17
2015,BC,Libertarian Party of Canada,42,0,0
2015,BC,Marijuana Party,42,0,0
2015,BC,Marxist-Leninist Party of Canada,42,0,0
2015,BC,New Democratic Party,42,11,14
2015,BC,No affiliation to a recognised party,42,0,0
2015,BC,Pirate Party of Canada,42,0,0
2015,BC,Progressive Canadian Party,42,0,0
2015,NATIONAL,"Accountability, Competency and Transparency",121,0,0
2015,NATIONAL,Alliance of the North,78,0,0
2015,NATIONAL,Animal Alliance Environment Voters Party of Canada,42,0,0
2015,NATIONAL,Bloc Québécois,78,16,10
2015,NATIONAL,Canada Party,62,0,0
2015,NATIONAL,Canadian Action Party,121,0,0
2015,NATIONAL,Christian Heritage Party of Canada,32,0,0
2015,NATIONAL,Communist Party of Canada,32,0,0
2015,NATIONAL,Conservative Party of Canada,32,111,99
2015,NATIONAL,Green Party of Canada,32,3,1
2015,NATIONAL,Liberal Party of Canada,32,140,184
2015,NATIONAL,Libertarian Party of Canada,32,0,0
2015,NATIONAL,Marijuana Party,42,0,0
2015,NATIONAL,Marxist-Leninist Party of Canada,32,0,0
2015,NATIONAL,New Democratic Party,32,68,44
2015,NATIONAL,No affiliation to a recognised party,32,0,0
2015,NATIONAL,Pirate Party of Canada,42,0,0
2015,NATIONAL,Progressive Canadian Party,42,0,0
2015,NATIONAL,Rhinoceros Party of Canada,32,0,0
2015,NATIONAL,Seniors Party of Canada,121,0,0
2015,NATIONAL,Strength in Democracy,32,0,0
2015,NATIONAL,The Bridge Party of Canada,121,0,0
2015,NATIONAL,United Party of Canada,121,0,0
2015,ON,"Accountability, Competency and Transparency",121,0,0
2015,ON,Animal Alliance Environment Voters Party of Canada,121,0,0
2015,ON,Canadian Action Party,121,0,0
2015,ON,Christian Heritage Party of Canada,121,0,0
2015,ON,Communist Party of Canada,121,0,0
2015,ON,Conservative Party of Canada,121,44,33
2015,ON,Green Party of Canada,121,0,0
2015,ON,Liberal Party of Canada,121,56,80
2015,ON,Libertarian Party of Canada,121,0,0
2015,ON,Marijuana Party,121,0,0
2015,ON,Marxist-Leninist Party of Canada,121,0,0
2015,ON,New Democratic Party,121,21,8
2015,ON,No affiliation to a recognised party,121,0,0
2015,ON,Pirate Party of Canada,121,0,0
2015,ON,Progressive Canadian Party,121,0,0
2015,ON,Rhinoceros Party of Canada,121,0,0
2015,ON,Seniors Party of Canada,121,0,0
2015,ON,Strength in Democracy,121,0,0
2015,ON,The Bridge Party of Canada,121,0,0
2015,ON,United Party of Canada,121,0,0
2015,PRAIRIE,Canada Party,62,0,0
2015,PRAIRIE,Christian Heritage Party of Canada,62,0,0
2015,PRAIRIE,Communist Party of Canada,62,0,0
2015,PRAIRIE,Conservative Party of Canada,62,35,44
2015,PRAIRIE,Green Party of Canada,62,0,0
2015,PRAIRIE,Liberal Party of Canada,62,18,12
2015,PRAIRIE,Libertarian Party of Canada,62,0,0
2015,PRAIRIE,Marijuana Party,62,0,0
2015,PRAIRIE,Marxist-Leninist Party of Canada,62,0,0
2015,PRAIRIE,New Democratic Party,62,9,6
2015,PRAIRIE,No affiliation to a recognised party,62,0,0
2015,PRAIRIE,Pirate Party of Canada,62,0,0
2015,PRAIRIE,Progressive Canadian Party,62,0,0
2015,PRAIRIE,Rhinoceros Party of Canada,62,0,0
2015,QC,Alliance of the North,78,0,0
2015,QC,Bloc Québécois,78,16,10
2015,QC,Christian Heritage Party of Canada,78,0,0
2015,QC,Communist Party of Canada,78,0,0
2015,QC,Conservative Party of Canada,78,13,12
2015,QC,Green Party of Canada,78,0,0
2015,QC,Liberal Party of Canada,78,29,40
2015,QC,Libertarian Party of Canada,78,0,0
2015,QC,Marxist-Leninist Party of Canada,78,0,0
2015,QC,New Democratic Party,78,20,16
2015,QC,No affiliation to a recognised party,78,0,0
2015,QC,Rhinoceros Party of Canada,78,0,0
2015,QC,Strength in Democracy,78,0,0
2015,TERRITORIES,Conservative Party of Canada,3,0,0
2015,TERRITORIES,Green Party of Canada,3,0,0
2015,TERRITORIES,Liberal Party of Canada,3,2,3
2015,TERRITORIES,New Democratic Party,3,1,0
2019,ATLANTIC,Animal Protection Party of Canada,32,0,0
2019,ATLANTIC,Christian Heritage Party of Canada,32,0,0
2019,ATLANTIC,Communist Party of Canada,32,0,0
2019,ATLANTIC,Conservative Party of Canada,32,9,4
2019,ATLANTIC,Green Party of Canada,32,4,1
2019,ATLANTIC,Liberal Party of Canada,32,14,26
2019,ATLANTIC,Libertarian Party of Canada,32,0,0
2019,ATLANTIC,National Citizens Alliance of Canada,32,0,0
2019,ATLANTIC,New Democratic Party,32,5,1
2019,ATLANTIC,No affiliation to a recognised party,32,0,0
2019,ATLANTIC,People's Party of Canada,32,0,0
2019,ATLANTIC,Rhinoceros Party of Canada,32,0,0
2019,ATLANTIC,Veterans Coalition Party of Canada,32,0,0
2019,BC,Animal Protection Party of Canada,42,0,0
2019,BC,Christian Heritage Party of Canada,42,0,0
2019,BC,Communist Party of Canada,42,0,0
2019,BC,Conservative Party of Canada,42,15,17
2019,BC,Green Party of Canada,42,5,2
2019,BC,Liberal Party of Canada,42,11,11
2019,BC,Libertarian Party of Canada,42,0,0
2019,BC,Marxist-Leninist Party of Canada,42,0,0
2019,BC,New Democratic Party,42,11,11
2019,BC,No affiliation to a recognised party,42,0,1
2019,BC,People's Party of Canada,42,0,0
2019,BC,Progressive Canadian Party,42,0,0
2019,BC,Rhinoceros Party of Canada,42,0,0
2019,BC,Veterans Coalition Party of Canada,42,0,0
2019,NATIONAL,Animal Protection Party of Canada,32,0,0
2019,NATIONAL,Bloc Québécois,78,27,32
2019,NATIONAL,Canada's Fourth Front,121,0,0
2019,NATIONAL,Canadian Nationalist Party,121,0,0
2019,NATIONAL,Christian Heritage Party of Canada,32,0,0
2019,NATIONAL,Communist Party of Canada,32,0,0
2019,NATIONAL,Conservative Party of Canada,32,122,121
2019,NATIONAL,Green Party of Canada,32,16,3
2019,NATIONAL,Liberal Party of Canada,32,117,157
2019,NATIONAL,Libertarian Party of Canada,32,0,0
2019,NATIONAL,Marijuana Party,121,0,0
2019,NATIONAL,Marxist-Leninist Party of Canada,42,0,0
2019,NATIONAL,National Citizens Alliance of Canada,32,0,0
2019,NATIONAL,New Democratic Party,32,56,24
2019,NATIONAL,No affiliation to a recognised party,32,0,1
2019,NATIONAL,Parti pour l'Indépendance du Québec,78,0,0
2019,NATIONAL,People's Party of Canada,32,0,0
2019,NATIONAL,Progressive Canadian Party,42,0,0
2019,NATIONAL,Rhinoceros Party of Canada,32,0,0
2019,NATIONAL,Stop Climate Change Party,121,0,0
2019,NATIONAL,United Party of Canada,121,0,0
2019,NATIONAL,Veterans Coalition Party of Canada,32,0,0
2019,ON,Animal Protection Party of Canada,121,0,0
2019,ON,Canada's Fourth Front,121,0,0
2019,ON,Canadian Nationalist Party,121,0,0
2019,ON,Christian Heritage Party of Canada,121,0,0
2019,ON,Communist Party of Canada,121,0,0
2019,ON,Conservative Party of Canada,121,41,36
2019,ON,Green Party of Canada,121,7,0
2019,ON,Liberal Party of Canada,121,52,79
2019,ON,Libertarian Party of Canada,121,0,0
2019,ON,Marijuana Party,121,0,0
2019,ON,Marxist-Leninist Party of Canada,121,0,0
2019,ON,New Democratic Party,121,21,6
2019,ON,No affiliation to a recognised party,121,0,0
2019,ON,People's Party of Canada,121,0,0
2019,ON,Progressive Canadian Party,121,0,0
2019,ON,Rhinoceros Party of Canada,121,0,0
2019,ON,Stop Climate Change Party,121,0,0
2019,ON,United Party of Canada,121,0,0
2019,ON,Veterans Coalition Party of Canada,121,0,0
2019,PRAIRIE,Animal Protection Party of Canada,62,0,0
2019,PRAIRIE,Canada's Fourth Front,62,0,0
2019,PRAIRIE,Canadian Nationalist Party,62,0,0
2019,PRAIRIE,Christian Heritage Party of Canada,62,0,0
2019,PRAIRIE,Communist Party of Canada,62,0,0
2019,PRAIRIE,Conservative Party of Canada,62,43,54
2019,PRAIRIE,Green Party of Canada,62,0,0
2019,PRAIRIE,Liberal Party of Canada,62,10,4
2019,PRAIRIE,Libertarian Party of Canada,62,0,0
2019,PRAIRIE,Marxist-Leninist Party of Canada,62,0,0
2019,PRAIRIE,National Citizens Alliance of Canada,62,0,0
2019,PRAIRIE,New Democratic Party,62,9,4
2019,PRAIRIE,No affiliation to a recognised party,62,0,0
2019,PRAIRIE,People's Party of Canada,62,0,0
2019,PRAIRIE,Rhinoceros Party of Canada,62,0,0
2019,PRAIRIE,Veterans Coalition Party of Canada,62,0,0
2019,QC,Animal Protection Party of Canada,78,0,0
2019,QC,Bloc Québécois,78,27,32
2019,QC,Canadian Nationalist Party,78,0,0
2019,QC,Christian Heritage Party of Canada,78,0,0
2019,QC,Communist Party of Canada,78,0,0
2019,QC,Conservative Party of Canada,78,13,10
2019,QC,Green Party of Canada,78,0,0
2019,QC,Liberal Party of Canada,78,29,35
2019,QC,Marijuana Party,78,0,0
2019,QC,Marxist-Leninist Party of Canada,78,0,0
2019,QC,New Democratic Party,78,9,1
2019,QC,No affiliation to a recognised party,78,0,0
2019,QC,Parti pour l'Indépendance du Québec,78,0,0
2019,QC,People's Party of Canada,78,0,0
2019,QC,Progressive Canadian Party,78,0,0
2019,QC,Rhinoceros Party of Canada,78,0,0
2019,QC,Veterans Coalition Party of Canada,78,0,0
2019,TERRITORIES,Conservative Party of Canada,3,1,0
2019,TERRITORIES,Green Party of Canada,3,0,0
2019,TERRITORIES,Liberal Party of Canada,3,1,2
2019,TERRITORIES,New Democratic Party,3,1,1
2019,TERRITORIES,People's Party of Canada,3,0,0
2021,ATLANTIC,Christian Heritage Party of Canada,32,0,0
2021,ATLANTIC,Communist Party of Canada,32,0,0
2021,ATLANTIC,Conservative Party of Canada,32,10,8
2021,ATLANTIC,Free Party Canada,32,0,0
2021,ATLANTIC,Green Party of Canada,32,0,0
2021,ATLANTIC,Liberal Party of Canada,32,15,24
2021,ATLANTIC,Libertarian Party of Canada,32,0,0
2021,ATLANTIC,Marxist-Leninist Party of Canada,32,0,0
2021,ATLANTIC,New Democratic Party,32,5,0
2021,ATLANTIC,No affiliation to a recognised party,32,0,0
2021,ATLANTIC,People's Party of Canada,32,2,0
2021,ATLANTIC,Rhinoceros Party,32,0,0
2021,BC,Animal Protection Party of Canada,42,0,0
2021,BC,Canada's Fourth Front,42,0,0
2021,BC,Christian Heritage Party of Canada,42,0,0
2021,BC,Communist Party of Canada,42,0,0
2021,BC,Conservative Party of Canada,42,15,13
2021,BC,Green Party of Canada,42,2,1
2021,BC,Liberal Party of Canada,42,12,15
2021,BC,Libertarian Party of Canada,42,0,0
2021,BC,Marxist-Leninist Party of Canada,42,0,0
2021,BC,Maverick Party,42,0,0
2021,BC,New Democratic Party,42,13,13
2021,BC,No affiliation to a recognised party,42,0,0
2021,BC,People's Party of Canada,42,0,0
2021,BC,Rhinoceros Party,42,0,0
2021,NATIONAL,Animal Protection Party of Canada,42,0,0
2021,NATIONAL,Bloc Québécois,78,27,32
2021,NATIONAL,Canada's Fourth Front,42,0,0
2021,NATIONAL,Canadian Nationalist Party,121,0,0
2021,NATIONAL,Centrist Party of Canada,121,0,0
2021,NATIONAL,Christian Heritage Party of Canada,32,0,0
2021,NATIONAL,Communist Party of Canada,32,0,0
2021,NATIONAL,Conservative Party of Canada,32,119,119
2021,NATIONAL,Free Party Canada,32,0,0
2021,NATIONAL,Green Party of Canada,32,2,2
2021,NATIONAL,Liberal Party of Canada,32,116,159
2021,NATIONAL,Libertarian Party of Canada,32,0,0
2021,NATIONAL,Marijuana Party,121,0,0
2021,NATIONAL,Marxist-Leninist Party of Canada,32,0,0
2021,NATIONAL,Maverick Party,42,0,0
2021,NATIONAL,National Citizens Alliance of Canada,121,0,0
2021,NATIONAL,New Democratic Party,32,62,25
2021,NATIONAL,No affiliation to a recognised party,32,0,1
2021,NATIONAL,Parti Patriote,78,0,0
2021,NATIONAL,Parti pour l'Indépendance du Québec,78,0,0
2021,NATIONAL,People's Party of Canada,32,12,0
2021,NATIONAL,Rhinoceros Party,32,0,0
2021,NATIONAL,Veterans Coalition Party of Canada,121,0,0
2021,ON,Animal Protection Party of Canada,121,0,0
2021,ON,Canadian Nationalist Party,121,0,0
2021,ON,Centrist Party of Canada,121,0,0
2021,ON,Christian Heritage Party of Canada,121,0,0
2021,ON,Communist Party of Canada,121,0,0
2021,ON,Conservative Party of Canada,121,44,37
2021,ON,Free Party Canada,121,0,0
2021,ON,Green Party of Canada,121,0,1
2021,ON,Liberal Party of Canada,121,49,77
2021,ON,Libertarian Party of Canada,121,0,0
2021,ON,Marijuana Party,121,0,0
2021,ON,Marxist-Leninist Party of Canada,121,0,0
2021,ON,National Citizens Alliance of Canada,121,0,0
2021,ON,New Democratic Party,121,22,5
2021,ON,No affiliation to a recognised party,121,0,1
2021,ON,People's Party of Canada,121,6,0
2021,ON,Rhinoceros Party,121,0,0
2021,ON,Veterans Coalition Party of Canada,121,0,0
2021,PRAIRIE,Animal Protection Party of Canada,62,0,0
2021,PRAIRIE,Centrist Party of Canada,62,0,0
2021,PRAIRIE,Christian Heritage Party of Canada,62,0,0
2021,PRAIRIE,Communist Party of Canada,62,0,0
2021,PRAIRIE,Conservative Party of Canada,62,34,51
2021,PRAIRIE,Green Party of Canada,62,0,0
2021,PRAIRIE,Liberal Party of Canada,62,11,6
2021,PRAIRIE,Libertarian Party of Canada,62,0,0
2021,PRAIRIE,Marxist-Leninist Party of Canada,62,0,0
2021,PRAIRIE,Maverick Party,62,0,0
2021,PRAIRIE,National Citizens Alliance of Canada,62,0,0
2021,PRAIRIE,New Democratic Party,62,13,5
2021,PRAIRIE,No affiliation to a recognised party,62,0,0
2021,PRAIRIE,People's Party of Canada,62,4,0
2021,PRAIRIE,Rhinoceros Party,62,0,0
2021,PRAIRIE,Veterans Coalition Party of Canada,62,0,0
2021,QC,Animal Protection Party of Canada,78,0,0
2021,QC,Bloc Québécois,78,27,32
2021,QC,Canada's Fourth Front,78,0,0
2021,QC,Christian Heritage Party of Canada,78,0,0
2021,QC,Communist Party of Canada,78,0,0
2021,QC,Conservative Party of Canada,78,15,10
2021,QC,Free Party Canada,78,0,0
2021,QC,Green Party of Canada,78,0,0
2021,QC,Liberal Party of Canada,78,28,35
2021,QC,Marijuana Party,78,0,0
2021,QC,Marxist-Leninist Party of Canada,78,0,0
2021,QC,New Democratic Party,78,8,1
2021,QC,No affiliation to a recognised party,78,0,0
2021,QC,Parti Patriote,78,0,0
2021,QC,Parti pour l'Indépendance du Québec,78,0,0
2021,QC,People's Party of Canada,78,0,0
2021,QC,Rhinoceros Party,78,0,0
2021,QC,Veterans Coalition Party of Canada,78,0,0
2021,TERRITORIES,Conservative Party of Canada,3,1,0
2021,TERRITORIES,Green Party of Canada,3,0,0
2021,TERRITORIES,Liberal Party of Canada,3,1,2
2021,TERRITORIES,New Democratic Party,3,1,1
2021,TERRITORIES,No affiliation to a recognised party,3,0,0
